DELETE FROM `BRAND_TYPE`;
DELETE FROM `MOTOR_BRAND`;
DELETE FROM `MOTOR_TYPE`;

INSERT INTO `MOTOR_TYPE`(`ID`, `CREATED_AT`, `CREATED_BY`, `MODIFIED_AT`, `MODIFIED_BY`, `NAME`, `VERSION`) VALUES ('30D6301A-FDD9-434D-B8BD-9BE8A19585FB', '2014-06-30 10:53:15', 'admin', '2014-06-30 10:53:15', 'admin', 'Mотоцикл', '1');
INSERT INTO `MOTOR_TYPE`(`ID`, `CREATED_AT`, `CREATED_BY`, `MODIFIED_AT`, `MODIFIED_BY`, `NAME`, `VERSION`) VALUES ('4CEE6778-1E51-48E2-BFC1-C066C025311B', '2014-06-30 11:11:25', 'admin', '2014-06-30 11:11:25', 'admin', 'Снегоболотоход', '1');
INSERT INTO `MOTOR_TYPE`(`ID`, `CREATED_AT`, `CREATED_BY`, `MODIFIED_AT`, `MODIFIED_BY`, `NAME`, `VERSION`) VALUES ('4DD188C7-EC7C-4C88-B438-211AEC4051F3', '2014-06-30 10:54:28', 'admin', '2014-06-30 10:54:28', 'admin', 'Гидроцикл', '1');
INSERT INTO `MOTOR_TYPE`(`ID`, `CREATED_AT`, `CREATED_BY`, `MODIFIED_AT`, `MODIFIED_BY`, `NAME`, `VERSION`) VALUES ('7D4820FD-09CD-4FA8-A10E-C4D755E33A17', '2014-06-30 10:54:56', 'admin', '2014-06-30 10:54:56', 'admin', 'Лодка', '1');
INSERT INTO `MOTOR_TYPE`(`ID`, `CREATED_AT`, `CREATED_BY`, `MODIFIED_AT`, `MODIFIED_BY`, `NAME`, `VERSION`) VALUES ('8611FE1E-8BCF-4CF1-A3FC-770E97D8C9E9', '2014-06-30 10:53:47', 'admin', '2014-06-30 10:53:47', 'admin', 'Квадроцикл', '1');
INSERT INTO `MOTOR_TYPE`(`ID`, `CREATED_AT`, `CREATED_BY`, `MODIFIED_AT`, `MODIFIED_BY`, `NAME`, `VERSION`) VALUES ('A659A483-8A48-487D-9BB8-8596AE7BF46F', '2014-06-30 10:54:14', 'admin', '2014-06-30 10:54:14', 'admin', 'Снегоход', '1');
INSERT INTO `MOTOR_TYPE`(`ID`, `CREATED_AT`, `CREATED_BY`, `MODIFIED_AT`, `MODIFIED_BY`, `NAME`, `VERSION`) VALUES ('B057EF90-35F6-4B41-84CE-72CB0FFEFDE5', '2014-06-30 10:55:06', 'admin', '2014-06-30 10:55:06', 'admin', 'Катер', '1');
INSERT INTO `MOTOR_TYPE`(`ID`, `CREATED_AT`, `CREATED_BY`, `MODIFIED_AT`, `MODIFIED_BY`, `NAME`, `VERSION`) VALUES ('CE80EC0D-9778-44B0-AA0A-B6E28EE51872', '2014-06-30 11:11:43', 'admin', '2014-06-30 11:11:43', 'admin', 'Мотовездеход', '1');
INSERT INTO `MOTOR_TYPE`(`ID`, `CREATED_AT`, `CREATED_BY`, `MODIFIED_AT`, `MODIFIED_BY`, `NAME`, `VERSION`) VALUES ('D6321A73-6EE3-465F-BBC3-7A0481775C8F', '2014-06-30 10:53:32', 'admin', '2014-06-30 10:53:32', 'admin', 'Скутер', '1');
INSERT INTO `MOTOR_TYPE`(`ID`, `CREATED_AT`, `CREATED_BY`, `MODIFIED_AT`, `MODIFIED_BY`, `NAME`, `VERSION`) VALUES ('FAE40B81-241A-40D3-83DF-7E5F1AB3FEC9', '2014-06-30 10:54:41', 'admin', '2014-06-30 10:54:41', 'admin', 'Лодочный мотор', '1');


INSERT INTO `MOTOR_BRAND` (`ID`, `CREATED_AT`, `CREATED_BY`, `MODIFIED_AT`, `MODIFIED_BY`, `NAME`, `VERSION`) VALUES ('04859F7F-253E-42A1-BCCF-D6B99015B320', '2014-06-30 11:00:56', 'admin', '2014-06-30 11:00:56', 'admin', 'Gilera', '1');
INSERT INTO `MOTOR_BRAND` (`ID`, `CREATED_AT`, `CREATED_BY`, `MODIFIED_AT`, `MODIFIED_BY`, `NAME`, `VERSION`) VALUES ('0BFCAF34-B2B0-4AAE-8864-4DF1E85099E9', '2014-06-30 10:59:20', 'admin', '2014-06-30 10:59:20', 'admin', 'DERBI', '1');
INSERT INTO `MOTOR_BRAND` (`ID`, `CREATED_AT`, `CREATED_BY`, `MODIFIED_AT`, `MODIFIED_BY`, `NAME`, `VERSION`) VALUES ('18CBE681-4BAC-43E8-95A2-747A2CB283AE', '2014-06-30 11:09:55', 'admin', '2014-06-30 11:09:55', 'admin', 'Русская механика', '2');
INSERT INTO `MOTOR_BRAND` (`ID`, `CREATED_AT`, `CREATED_BY`, `MODIFIED_AT`, `MODIFIED_BY`, `NAME`, `VERSION`) VALUES ('19546711-B2A0-4639-8842-382E264E4DE2', '2014-06-30 11:09:08', 'admin', '2014-06-30 11:09:08', 'admin', 'Yamaha', '2');
INSERT INTO `MOTOR_BRAND` (`ID`, `CREATED_AT`, `CREATED_BY`, `MODIFIED_AT`, `MODIFIED_BY`, `NAME`, `VERSION`) VALUES ('23914D76-ECD7-4E22-BBCA-680429A9B601', '2014-06-30 10:56:16', 'admin', '2014-06-30 10:56:16', 'admin', 'Aprilia', '1');
INSERT INTO `MOTOR_BRAND` (`ID`, `CREATED_AT`, `CREATED_BY`, `MODIFIED_AT`, `MODIFIED_BY`, `NAME`, `VERSION`) VALUES ('2EDC35BB-70C0-420C-8301-EF919C73056B', '2014-06-30 11:05:29', 'admin', '2014-06-30 11:05:29', 'admin', 'Solano', '1');
INSERT INTO `MOTOR_BRAND` (`ID`, `CREATED_AT`, `CREATED_BY`, `MODIFIED_AT`, `MODIFIED_BY`, `NAME`, `VERSION`) VALUES ('3439EFA0-7DAE-45AA-AECE-03080447B4FD', '2014-06-30 11:00:25', 'admin', '2014-06-30 11:00:25', 'admin', 'Ducati', '1');
INSERT INTO `MOTOR_BRAND` (`ID`, `CREATED_AT`, `CREATED_BY`, `MODIFIED_AT`, `MODIFIED_BY`, `NAME`, `VERSION`) VALUES ('374E919E-5891-443B-A15F-8F681B35B893', '2014-06-30 10:59:03', 'admin', '2014-06-30 10:59:03', 'admin', 'CFMOTO', '3');
INSERT INTO `MOTOR_BRAND` (`ID`, `CREATED_AT`, `CREATED_BY`, `MODIFIED_AT`, `MODIFIED_BY`, `NAME`, `VERSION`) VALUES ('3BC8E9C0-B7E5-46F9-9511-8AC59FAF7D06', '2014-06-30 11:00:39', 'admin', '2014-06-30 11:00:39', 'admin', 'Gamax', '1');
INSERT INTO `MOTOR_BRAND` (`ID`, `CREATED_AT`, `CREATED_BY`, `MODIFIED_AT`, `MODIFIED_BY`, `NAME`, `VERSION`) VALUES ('491B6EF0-51DC-4555-9230-CF760D0964E1', '2014-06-30 11:02:00', 'admin', '2014-06-30 11:02:00', 'admin', 'Husqvarna', '1');
INSERT INTO `MOTOR_BRAND` (`ID`, `CREATED_AT`, `CREATED_BY`, `MODIFIED_AT`, `MODIFIED_BY`, `NAME`, `VERSION`) VALUES ('545536E6-13E8-4E8E-9F0A-53995FCE8FA0', '2014-06-30 11:04:59', 'admin', '2014-06-30 11:04:59', 'admin', 'Royal Enfield', '1');
INSERT INTO `MOTOR_BRAND` (`ID`, `CREATED_AT`, `CREATED_BY`, `MODIFIED_AT`, `MODIFIED_BY`, `NAME`, `VERSION`) VALUES ('5CA4C86B-7257-4F4E-9618-43BB9A2F5662', '2014-06-30 11:03:06', 'admin', '2014-06-30 11:03:06', 'admin', 'Mercury', '1');
INSERT INTO `MOTOR_BRAND` (`ID`, `CREATED_AT`, `CREATED_BY`, `MODIFIED_AT`, `MODIFIED_BY`, `NAME`, `VERSION`) VALUES ('74AF4791-7CA4-4F31-83B5-26B88D164282', '2014-06-30 11:12:26', 'admin', '2014-06-30 11:12:26', 'admin', 'STELS', '1');
INSERT INTO `MOTOR_BRAND` (`ID`, `CREATED_AT`, `CREATED_BY`, `MODIFIED_AT`, `MODIFIED_BY`, `NAME`, `VERSION`) VALUES ('77970B4C-564E-4705-86B1-65FF7C7F3639', '2014-06-30 11:05:16', 'admin', '2014-06-30 11:05:16', 'admin', 'Silver', '1');
INSERT INTO `MOTOR_BRAND` (`ID`, `CREATED_AT`, `CREATED_BY`, `MODIFIED_AT`, `MODIFIED_BY`, `NAME`, `VERSION`) VALUES ('7A196D3B-A96A-4BCA-BAFE-80B4F051EA4A', '2014-06-30 11:01:32', 'admin', '2014-06-30 11:01:32', 'admin', 'Honda', '2');
INSERT INTO `MOTOR_BRAND` (`ID`, `CREATED_AT`, `CREATED_BY`, `MODIFIED_AT`, `MODIFIED_BY`, `NAME`, `VERSION`) VALUES ('7C344707-F770-45A1-82BC-4C8F0D96793C', '2014-06-30 10:58:24', 'admin', '2014-06-30 10:58:24', 'admin', 'CECTEK', '2');
INSERT INTO `MOTOR_BRAND` (`ID`, `CREATED_AT`, `CREATED_BY`, `MODIFIED_AT`, `MODIFIED_BY`, `NAME`, `VERSION`) VALUES ('872A16C8-9003-4A09-9CA1-FBA52A1F1BFB', '2014-06-30 11:09:32', 'admin', '2014-06-30 11:09:32', 'admin', 'Yamarin', '1');
INSERT INTO `MOTOR_BRAND` (`ID`, `CREATED_AT`, `CREATED_BY`, `MODIFIED_AT`, `MODIFIED_BY`, `NAME`, `VERSION`) VALUES ('90815792-12C9-408E-90DE-1FF5CE194190', '2014-06-30 11:07:22', 'admin', '2014-06-30 11:07:22', 'admin', 'UMS', '1');
INSERT INTO `MOTOR_BRAND` (`ID`, `CREATED_AT`, `CREATED_BY`, `MODIFIED_AT`, `MODIFIED_BY`, `NAME`, `VERSION`) VALUES ('96ABF552-6645-4BD2-B417-FA8185950E7E', '2014-06-30 11:07:42', 'admin', '2014-06-30 11:07:42', 'admin', 'Vespa', '1');
INSERT INTO `MOTOR_BRAND` (`ID`, `CREATED_AT`, `CREATED_BY`, `MODIFIED_AT`, `MODIFIED_BY`, `NAME`, `VERSION`) VALUES ('BDEE4F52-9F76-4E97-A573-B1C3B5272789', '2014-06-30 11:07:06', 'admin', '2014-06-30 11:07:06', 'admin', 'Tohatsu', '1');
INSERT INTO `MOTOR_BRAND` (`ID`, `CREATED_AT`, `CREATED_BY`, `MODIFIED_AT`, `MODIFIED_BY`, `NAME`, `VERSION`) VALUES ('C298DAD5-9C7E-4421-8D78-2F2B07FFADE3', '2014-06-30 11:04:45', 'admin', '2014-06-30 11:04:45', 'admin', 'Polaris', '2');
INSERT INTO `MOTOR_BRAND` (`ID`, `CREATED_AT`, `CREATED_BY`, `MODIFIED_AT`, `MODIFIED_BY`, `NAME`, `VERSION`) VALUES ('C309C08A-48F6-44E1-82AC-7EF7B1BB0142', '2014-06-30 11:01:07', 'admin', '2014-06-30 11:01:07', 'admin', 'Harley-Davidson', '1');
INSERT INTO `MOTOR_BRAND` (`ID`, `CREATED_AT`, `CREATED_BY`, `MODIFIED_AT`, `MODIFIED_BY`, `NAME`, `VERSION`) VALUES ('CA65CEC7-65D1-4BE3-805C-575527580AE6', '2014-06-30 11:08:06', 'admin', '2014-06-30 11:08:06', 'admin', 'WindBoat', '1');
INSERT INTO `MOTOR_BRAND` (`ID`, `CREATED_AT`, `CREATED_BY`, `MODIFIED_AT`, `MODIFIED_BY`, `NAME`, `VERSION`) VALUES ('DFAD9A17-8CAE-4659-A1CF-783713BE0A73', '2014-06-30 11:03:21', 'admin', '2014-06-30 11:03:21', 'admin', 'Moto Guzzi', '1');
INSERT INTO `MOTOR_BRAND` (`ID`, `CREATED_AT`, `CREATED_BY`, `MODIFIED_AT`, `MODIFIED_BY`, `NAME`, `VERSION`) VALUES ('DFDF5281-4201-4B69-A6B5-EC73A54F75FF', '2014-06-30 11:02:38', 'admin', '2014-06-30 11:02:38', 'admin', 'Kawasaki', '2');
INSERT INTO `MOTOR_BRAND` (`ID`, `CREATED_AT`, `CREATED_BY`, `MODIFIED_AT`, `MODIFIED_BY`, `NAME`, `VERSION`) VALUES ('E1FA10D6-C47F-49D0-B12F-2FD7D1203BC6', '2014-06-30 11:06:21', 'admin', '2014-06-30 11:06:21', 'admin', 'Suzuki', '1');
INSERT INTO `MOTOR_BRAND` (`ID`, `CREATED_AT`, `CREATED_BY`, `MODIFIED_AT`, `MODIFIED_BY`, `NAME`, `VERSION`) VALUES ('ECCD29BD-16C1-4343-92B3-74881CC2BB82', '2014-06-30 11:06:51', 'admin', '2014-06-30 11:06:51', 'admin', 'SYM', '1');
INSERT INTO `MOTOR_BRAND` (`ID`, `CREATED_AT`, `CREATED_BY`, `MODIFIED_AT`, `MODIFIED_BY`, `NAME`, `VERSION`) VALUES ('F23F0ADC-6030-4920-AC03-AA6376D1CFBA', '2014-06-30 11:03:36', 'admin', '2014-06-30 11:03:36', 'admin', 'Piaggio', '1');
INSERT INTO `MOTOR_BRAND` (`ID`, `CREATED_AT`, `CREATED_BY`, `MODIFIED_AT`, `MODIFIED_BY`, `NAME`, `VERSION`) VALUES ('FCD39DD0-942E-4918-9311-0D224194CBBB', '2014-06-30 11:02:53', 'admin', '2014-06-30 11:02:53', 'admin', 'KTM', '1');
INSERT INTO `MOTOR_BRAND` (`ID`, `CREATED_AT`, `CREATED_BY`, `MODIFIED_AT`, `MODIFIED_BY`, `NAME`, `VERSION`) VALUES ('FD09CA47-1BEB-431D-88A0-6C37EB40280D', '2014-06-30 10:56:42', 'admin', '2014-06-30 10:56:42', 'admin', 'Arctic Cat', '2');
INSERT INTO `MOTOR_BRAND` (`ID`, `CREATED_AT`, `CREATED_BY`, `MODIFIED_AT`, `MODIFIED_BY`, `NAME`, `VERSION`) VALUES ('FD683EAD-2EF4-4C1B-B789-D633BAC41AB1', '2014-06-30 10:57:31', 'admin', '2014-06-30 10:57:31', 'admin', 'BRP', '4');


INSERT INTO `BRAND_TYPE`(`TYPE_ID`, `BRAND_ID`) VALUES ('30D6301A-FDD9-434D-B8BD-9BE8A19585FB', '0BFCAF34-B2B0-4AAE-8864-4DF1E85099E9');
INSERT INTO `BRAND_TYPE`(`TYPE_ID`, `BRAND_ID`) VALUES ('30D6301A-FDD9-434D-B8BD-9BE8A19585FB', '19546711-B2A0-4639-8842-382E264E4DE2');
INSERT INTO `BRAND_TYPE`(`TYPE_ID`, `BRAND_ID`) VALUES ('30D6301A-FDD9-434D-B8BD-9BE8A19585FB', '23914D76-ECD7-4E22-BBCA-680429A9B601');
INSERT INTO `BRAND_TYPE`(`TYPE_ID`, `BRAND_ID`) VALUES ('30D6301A-FDD9-434D-B8BD-9BE8A19585FB', '3439EFA0-7DAE-45AA-AECE-03080447B4FD');
INSERT INTO `BRAND_TYPE`(`TYPE_ID`, `BRAND_ID`) VALUES ('30D6301A-FDD9-434D-B8BD-9BE8A19585FB', '374E919E-5891-443B-A15F-8F681B35B893');
INSERT INTO `BRAND_TYPE`(`TYPE_ID`, `BRAND_ID`) VALUES ('30D6301A-FDD9-434D-B8BD-9BE8A19585FB', '491B6EF0-51DC-4555-9230-CF760D0964E1');
INSERT INTO `BRAND_TYPE`(`TYPE_ID`, `BRAND_ID`) VALUES ('30D6301A-FDD9-434D-B8BD-9BE8A19585FB', '545536E6-13E8-4E8E-9F0A-53995FCE8FA0');
INSERT INTO `BRAND_TYPE`(`TYPE_ID`, `BRAND_ID`) VALUES ('30D6301A-FDD9-434D-B8BD-9BE8A19585FB', '7A196D3B-A96A-4BCA-BAFE-80B4F051EA4A');
INSERT INTO `BRAND_TYPE`(`TYPE_ID`, `BRAND_ID`) VALUES ('30D6301A-FDD9-434D-B8BD-9BE8A19585FB', 'C309C08A-48F6-44E1-82AC-7EF7B1BB0142');
INSERT INTO `BRAND_TYPE`(`TYPE_ID`, `BRAND_ID`) VALUES ('30D6301A-FDD9-434D-B8BD-9BE8A19585FB', 'DFAD9A17-8CAE-4659-A1CF-783713BE0A73');
INSERT INTO `BRAND_TYPE`(`TYPE_ID`, `BRAND_ID`) VALUES ('30D6301A-FDD9-434D-B8BD-9BE8A19585FB', 'DFDF5281-4201-4B69-A6B5-EC73A54F75FF');
INSERT INTO `BRAND_TYPE`(`TYPE_ID`, `BRAND_ID`) VALUES ('30D6301A-FDD9-434D-B8BD-9BE8A19585FB', 'E1FA10D6-C47F-49D0-B12F-2FD7D1203BC6');
INSERT INTO `BRAND_TYPE`(`TYPE_ID`, `BRAND_ID`) VALUES ('30D6301A-FDD9-434D-B8BD-9BE8A19585FB', 'ECCD29BD-16C1-4343-92B3-74881CC2BB82');
INSERT INTO `BRAND_TYPE`(`TYPE_ID`, `BRAND_ID`) VALUES ('30D6301A-FDD9-434D-B8BD-9BE8A19585FB', 'FCD39DD0-942E-4918-9311-0D224194CBBB');
INSERT INTO `BRAND_TYPE`(`TYPE_ID`, `BRAND_ID`) VALUES ('30D6301A-FDD9-434D-B8BD-9BE8A19585FB', 'FD683EAD-2EF4-4C1B-B789-D633BAC41AB1');
INSERT INTO `BRAND_TYPE`(`TYPE_ID`, `BRAND_ID`) VALUES ('4CEE6778-1E51-48E2-BFC1-C066C025311B', '374E919E-5891-443B-A15F-8F681B35B893');
INSERT INTO `BRAND_TYPE`(`TYPE_ID`, `BRAND_ID`) VALUES ('4CEE6778-1E51-48E2-BFC1-C066C025311B', '74AF4791-7CA4-4F31-83B5-26B88D164282');
INSERT INTO `BRAND_TYPE`(`TYPE_ID`, `BRAND_ID`) VALUES ('4CEE6778-1E51-48E2-BFC1-C066C025311B', 'C298DAD5-9C7E-4421-8D78-2F2B07FFADE3');
INSERT INTO `BRAND_TYPE`(`TYPE_ID`, `BRAND_ID`) VALUES ('4CEE6778-1E51-48E2-BFC1-C066C025311B', 'FD683EAD-2EF4-4C1B-B789-D633BAC41AB1');
INSERT INTO `BRAND_TYPE`(`TYPE_ID`, `BRAND_ID`) VALUES ('4DD188C7-EC7C-4C88-B438-211AEC4051F3', '19546711-B2A0-4639-8842-382E264E4DE2');
INSERT INTO `BRAND_TYPE`(`TYPE_ID`, `BRAND_ID`) VALUES ('4DD188C7-EC7C-4C88-B438-211AEC4051F3', 'DFDF5281-4201-4B69-A6B5-EC73A54F75FF');
INSERT INTO `BRAND_TYPE`(`TYPE_ID`, `BRAND_ID`) VALUES ('4DD188C7-EC7C-4C88-B438-211AEC4051F3', 'FD683EAD-2EF4-4C1B-B789-D633BAC41AB1');
INSERT INTO `BRAND_TYPE`(`TYPE_ID`, `BRAND_ID`) VALUES ('7D4820FD-09CD-4FA8-A10E-C4D755E33A17', '2EDC35BB-70C0-420C-8301-EF919C73056B');
INSERT INTO `BRAND_TYPE`(`TYPE_ID`, `BRAND_ID`) VALUES ('7D4820FD-09CD-4FA8-A10E-C4D755E33A17', '872A16C8-9003-4A09-9CA1-FBA52A1F1BFB');
INSERT INTO `BRAND_TYPE`(`TYPE_ID`, `BRAND_ID`) VALUES ('7D4820FD-09CD-4FA8-A10E-C4D755E33A17', 'CA65CEC7-65D1-4BE3-805C-575527580AE6');
INSERT INTO `BRAND_TYPE`(`TYPE_ID`, `BRAND_ID`) VALUES ('8611FE1E-8BCF-4CF1-A3FC-770E97D8C9E9', '19546711-B2A0-4639-8842-382E264E4DE2');
INSERT INTO `BRAND_TYPE`(`TYPE_ID`, `BRAND_ID`) VALUES ('8611FE1E-8BCF-4CF1-A3FC-770E97D8C9E9', '374E919E-5891-443B-A15F-8F681B35B893');
INSERT INTO `BRAND_TYPE`(`TYPE_ID`, `BRAND_ID`) VALUES ('8611FE1E-8BCF-4CF1-A3FC-770E97D8C9E9', '3BC8E9C0-B7E5-46F9-9511-8AC59FAF7D06');
INSERT INTO `BRAND_TYPE`(`TYPE_ID`, `BRAND_ID`) VALUES ('8611FE1E-8BCF-4CF1-A3FC-770E97D8C9E9', '7A196D3B-A96A-4BCA-BAFE-80B4F051EA4A');
INSERT INTO `BRAND_TYPE`(`TYPE_ID`, `BRAND_ID`) VALUES ('8611FE1E-8BCF-4CF1-A3FC-770E97D8C9E9', '7C344707-F770-45A1-82BC-4C8F0D96793C');
INSERT INTO `BRAND_TYPE`(`TYPE_ID`, `BRAND_ID`) VALUES ('8611FE1E-8BCF-4CF1-A3FC-770E97D8C9E9', 'C298DAD5-9C7E-4421-8D78-2F2B07FFADE3');
INSERT INTO `BRAND_TYPE`(`TYPE_ID`, `BRAND_ID`) VALUES ('8611FE1E-8BCF-4CF1-A3FC-770E97D8C9E9', 'DFDF5281-4201-4B69-A6B5-EC73A54F75FF');
INSERT INTO `BRAND_TYPE`(`TYPE_ID`, `BRAND_ID`) VALUES ('8611FE1E-8BCF-4CF1-A3FC-770E97D8C9E9', 'E1FA10D6-C47F-49D0-B12F-2FD7D1203BC6');
INSERT INTO `BRAND_TYPE`(`TYPE_ID`, `BRAND_ID`) VALUES ('8611FE1E-8BCF-4CF1-A3FC-770E97D8C9E9', 'ECCD29BD-16C1-4343-92B3-74881CC2BB82');
INSERT INTO `BRAND_TYPE`(`TYPE_ID`, `BRAND_ID`) VALUES ('8611FE1E-8BCF-4CF1-A3FC-770E97D8C9E9', 'FD09CA47-1BEB-431D-88A0-6C37EB40280D');
INSERT INTO `BRAND_TYPE`(`TYPE_ID`, `BRAND_ID`) VALUES ('8611FE1E-8BCF-4CF1-A3FC-770E97D8C9E9', 'FD683EAD-2EF4-4C1B-B789-D633BAC41AB1');
INSERT INTO `BRAND_TYPE`(`TYPE_ID`, `BRAND_ID`) VALUES ('A659A483-8A48-487D-9BB8-8596AE7BF46F', '18CBE681-4BAC-43E8-95A2-747A2CB283AE');
INSERT INTO `BRAND_TYPE`(`TYPE_ID`, `BRAND_ID`) VALUES ('A659A483-8A48-487D-9BB8-8596AE7BF46F', '19546711-B2A0-4639-8842-382E264E4DE2');
INSERT INTO `BRAND_TYPE`(`TYPE_ID`, `BRAND_ID`) VALUES ('A659A483-8A48-487D-9BB8-8596AE7BF46F', 'C298DAD5-9C7E-4421-8D78-2F2B07FFADE3');
INSERT INTO `BRAND_TYPE`(`TYPE_ID`, `BRAND_ID`) VALUES ('A659A483-8A48-487D-9BB8-8596AE7BF46F', 'FD09CA47-1BEB-431D-88A0-6C37EB40280D');
INSERT INTO `BRAND_TYPE`(`TYPE_ID`, `BRAND_ID`) VALUES ('A659A483-8A48-487D-9BB8-8596AE7BF46F', 'FD683EAD-2EF4-4C1B-B789-D633BAC41AB1');
INSERT INTO `BRAND_TYPE`(`TYPE_ID`, `BRAND_ID`) VALUES ('B057EF90-35F6-4B41-84CE-72CB0FFEFDE5', '77970B4C-564E-4705-86B1-65FF7C7F3639');
INSERT INTO `BRAND_TYPE`(`TYPE_ID`, `BRAND_ID`) VALUES ('B057EF90-35F6-4B41-84CE-72CB0FFEFDE5', '872A16C8-9003-4A09-9CA1-FBA52A1F1BFB');
INSERT INTO `BRAND_TYPE`(`TYPE_ID`, `BRAND_ID`) VALUES ('B057EF90-35F6-4B41-84CE-72CB0FFEFDE5', '90815792-12C9-408E-90DE-1FF5CE194190');
INSERT INTO `BRAND_TYPE`(`TYPE_ID`, `BRAND_ID`) VALUES ('B057EF90-35F6-4B41-84CE-72CB0FFEFDE5', 'CA65CEC7-65D1-4BE3-805C-575527580AE6');
INSERT INTO `BRAND_TYPE`(`TYPE_ID`, `BRAND_ID`) VALUES ('B057EF90-35F6-4B41-84CE-72CB0FFEFDE5', 'FD683EAD-2EF4-4C1B-B789-D633BAC41AB1');
INSERT INTO `BRAND_TYPE`(`TYPE_ID`, `BRAND_ID`) VALUES ('CE80EC0D-9778-44B0-AA0A-B6E28EE51872', '18CBE681-4BAC-43E8-95A2-747A2CB283AE');
INSERT INTO `BRAND_TYPE`(`TYPE_ID`, `BRAND_ID`) VALUES ('CE80EC0D-9778-44B0-AA0A-B6E28EE51872', '19546711-B2A0-4639-8842-382E264E4DE2');
INSERT INTO `BRAND_TYPE`(`TYPE_ID`, `BRAND_ID`) VALUES ('CE80EC0D-9778-44B0-AA0A-B6E28EE51872', '374E919E-5891-443B-A15F-8F681B35B893');
INSERT INTO `BRAND_TYPE`(`TYPE_ID`, `BRAND_ID`) VALUES ('CE80EC0D-9778-44B0-AA0A-B6E28EE51872', '7A196D3B-A96A-4BCA-BAFE-80B4F051EA4A');
INSERT INTO `BRAND_TYPE`(`TYPE_ID`, `BRAND_ID`) VALUES ('CE80EC0D-9778-44B0-AA0A-B6E28EE51872', '7C344707-F770-45A1-82BC-4C8F0D96793C');
INSERT INTO `BRAND_TYPE`(`TYPE_ID`, `BRAND_ID`) VALUES ('CE80EC0D-9778-44B0-AA0A-B6E28EE51872', 'DFDF5281-4201-4B69-A6B5-EC73A54F75FF');
INSERT INTO `BRAND_TYPE`(`TYPE_ID`, `BRAND_ID`) VALUES ('CE80EC0D-9778-44B0-AA0A-B6E28EE51872', 'FD09CA47-1BEB-431D-88A0-6C37EB40280D');
INSERT INTO `BRAND_TYPE`(`TYPE_ID`, `BRAND_ID`) VALUES ('CE80EC0D-9778-44B0-AA0A-B6E28EE51872', 'FD683EAD-2EF4-4C1B-B789-D633BAC41AB1');
INSERT INTO `BRAND_TYPE`(`TYPE_ID`, `BRAND_ID`) VALUES ('D6321A73-6EE3-465F-BBC3-7A0481775C8F', '04859F7F-253E-42A1-BCCF-D6B99015B320');
INSERT INTO `BRAND_TYPE`(`TYPE_ID`, `BRAND_ID`) VALUES ('D6321A73-6EE3-465F-BBC3-7A0481775C8F', '19546711-B2A0-4639-8842-382E264E4DE2');
INSERT INTO `BRAND_TYPE`(`TYPE_ID`, `BRAND_ID`) VALUES ('D6321A73-6EE3-465F-BBC3-7A0481775C8F', '23914D76-ECD7-4E22-BBCA-680429A9B601');
INSERT INTO `BRAND_TYPE`(`TYPE_ID`, `BRAND_ID`) VALUES ('D6321A73-6EE3-465F-BBC3-7A0481775C8F', '374E919E-5891-443B-A15F-8F681B35B893');
INSERT INTO `BRAND_TYPE`(`TYPE_ID`, `BRAND_ID`) VALUES ('D6321A73-6EE3-465F-BBC3-7A0481775C8F', '7A196D3B-A96A-4BCA-BAFE-80B4F051EA4A');
INSERT INTO `BRAND_TYPE`(`TYPE_ID`, `BRAND_ID`) VALUES ('D6321A73-6EE3-465F-BBC3-7A0481775C8F', '96ABF552-6645-4BD2-B417-FA8185950E7E');
INSERT INTO `BRAND_TYPE`(`TYPE_ID`, `BRAND_ID`) VALUES ('D6321A73-6EE3-465F-BBC3-7A0481775C8F', 'E1FA10D6-C47F-49D0-B12F-2FD7D1203BC6');
INSERT INTO `BRAND_TYPE`(`TYPE_ID`, `BRAND_ID`) VALUES ('D6321A73-6EE3-465F-BBC3-7A0481775C8F', 'ECCD29BD-16C1-4343-92B3-74881CC2BB82');
INSERT INTO `BRAND_TYPE`(`TYPE_ID`, `BRAND_ID`) VALUES ('D6321A73-6EE3-465F-BBC3-7A0481775C8F', 'F23F0ADC-6030-4920-AC03-AA6376D1CFBA');
INSERT INTO `BRAND_TYPE`(`TYPE_ID`, `BRAND_ID`) VALUES ('FAE40B81-241A-40D3-83DF-7E5F1AB3FEC9', '19546711-B2A0-4639-8842-382E264E4DE2');
INSERT INTO `BRAND_TYPE`(`TYPE_ID`, `BRAND_ID`) VALUES ('FAE40B81-241A-40D3-83DF-7E5F1AB3FEC9', '5CA4C86B-7257-4F4E-9618-43BB9A2F5662');
INSERT INTO `BRAND_TYPE`(`TYPE_ID`, `BRAND_ID`) VALUES ('FAE40B81-241A-40D3-83DF-7E5F1AB3FEC9', 'BDEE4F52-9F76-4E97-A573-B1C3B5272789');
INSERT INTO `BRAND_TYPE`(`TYPE_ID`, `BRAND_ID`) VALUES ('FAE40B81-241A-40D3-83DF-7E5F1AB3FEC9', 'E1FA10D6-C47F-49D0-B12F-2FD7D1203BC6');
INSERT INTO `BRAND_TYPE`(`TYPE_ID`, `BRAND_ID`) VALUES ('FAE40B81-241A-40D3-83DF-7E5F1AB3FEC9', 'FD683EAD-2EF4-4C1B-B789-D633BAC41AB1');
