
# Очистим тиблицы справочника техники
DELETE FROM `BRAND_TYPE`;
DELETE FROM `MOTOR_BRAND`;
DELETE FROM `MOTOR_TYPE`;

# Данные о типах техники
INSERT INTO `MOTOR_TYPE`(`ID`, `CREATED_AT`, `CREATED_BY`, `MODIFIED_AT`, `MODIFIED_BY`, `NAME`, `VERSION`) VALUES ('30D6301A-FDD9-434D-B8BD-9BE8A19585FB', '2014-06-30 10:53:15', 'admin', '2014-06-30 10:53:15', 'admin', 'Mотоцикл', '1');
INSERT INTO `MOTOR_TYPE`(`ID`, `CREATED_AT`, `CREATED_BY`, `MODIFIED_AT`, `MODIFIED_BY`, `NAME`, `VERSION`) VALUES ('4CEE6778-1E51-48E2-BFC1-C066C025311B', '2014-06-30 11:11:25', 'admin', '2014-06-30 11:11:25', 'admin', 'Снегоболотоход', '1');
INSERT INTO `MOTOR_TYPE`(`ID`, `CREATED_AT`, `CREATED_BY`, `MODIFIED_AT`, `MODIFIED_BY`, `NAME`, `VERSION`) VALUES ('4DD188C7-EC7C-4C88-B438-211AEC4051F3', '2014-06-30 10:54:28', 'admin', '2014-06-30 10:54:28', 'admin', 'Гидроцикл', '1');
INSERT INTO `MOTOR_TYPE`(`ID`, `CREATED_AT`, `CREATED_BY`, `MODIFIED_AT`, `MODIFIED_BY`, `NAME`, `VERSION`) VALUES ('7D4820FD-09CD-4FA8-A10E-C4D755E33A17', '2014-06-30 10:54:56', 'admin', '2014-06-30 10:54:56', 'admin', 'Лодка', '1');
INSERT INTO `MOTOR_TYPE`(`ID`, `CREATED_AT`, `CREATED_BY`, `MODIFIED_AT`, `MODIFIED_BY`, `NAME`, `VERSION`) VALUES ('8611FE1E-8BCF-4CF1-A3FC-770E97D8C9E9', '2014-06-30 10:53:47', 'admin', '2014-06-30 10:53:47', 'admin', 'Квадроцикл', '1');
INSERT INTO `MOTOR_TYPE`(`ID`, `CREATED_AT`, `CREATED_BY`, `MODIFIED_AT`, `MODIFIED_BY`, `NAME`, `VERSION`) VALUES ('A659A483-8A48-487D-9BB8-8596AE7BF46F', '2014-06-30 10:54:14', 'admin', '2014-06-30 10:54:14', 'admin', 'Снегоход', '1');
INSERT INTO `MOTOR_TYPE`(`ID`, `CREATED_AT`, `CREATED_BY`, `MODIFIED_AT`, `MODIFIED_BY`, `NAME`, `VERSION`) VALUES ('B057EF90-35F6-4B41-84CE-72CB0FFEFDE5', '2014-06-30 10:55:06', 'admin', '2014-06-30 10:55:06', 'admin', 'Катер', '1');
INSERT INTO `MOTOR_TYPE`(`ID`, `CREATED_AT`, `CREATED_BY`, `MODIFIED_AT`, `MODIFIED_BY`, `NAME`, `VERSION`) VALUES ('CE80EC0D-9778-44B0-AA0A-B6E28EE51872', '2014-06-30 11:11:43', 'admin', '2014-06-30 11:11:43', 'admin', 'Мотовездеход', '1');
INSERT INTO `MOTOR_TYPE`(`ID`, `CREATED_AT`, `CREATED_BY`, `MODIFIED_AT`, `MODIFIED_BY`, `NAME`, `VERSION`) VALUES ('D6321A73-6EE3-465F-BBC3-7A0481775C8F', '2014-06-30 10:53:32', 'admin', '2014-06-30 10:53:32', 'admin', 'Скутер', '1');
INSERT INTO `MOTOR_TYPE`(`ID`, `CREATED_AT`, `CREATED_BY`, `MODIFIED_AT`, `MODIFIED_BY`, `NAME`, `VERSION`) VALUES ('FAE40B81-241A-40D3-83DF-7E5F1AB3FEC9', '2014-06-30 10:54:41', 'admin', '2014-06-30 10:54:41', 'admin', 'Лодочный мотор', '1');

# Данные о брендах техники
INSERT INTO `MOTOR_BRAND` (`ID`, `CREATED_AT`, `CREATED_BY`, `MODIFIED_AT`, `MODIFIED_BY`, `NAME`, `VERSION`) VALUES ('04859F7F-253E-42A1-BCCF-D6B99015B320', '2014-06-30 11:00:56', 'admin', '2014-06-30 11:00:56', 'admin', 'Gilera', '1');
INSERT INTO `MOTOR_BRAND` (`ID`, `CREATED_AT`, `CREATED_BY`, `MODIFIED_AT`, `MODIFIED_BY`, `NAME`, `VERSION`) VALUES ('0BFCAF34-B2B0-4AAE-8864-4DF1E85099E9', '2014-06-30 10:59:20', 'admin', '2014-06-30 10:59:20', 'admin', 'DERBI', '1');
INSERT INTO `MOTOR_BRAND` (`ID`, `CREATED_AT`, `CREATED_BY`, `MODIFIED_AT`, `MODIFIED_BY`, `NAME`, `VERSION`) VALUES ('18CBE681-4BAC-43E8-95A2-747A2CB283AE', '2014-06-30 11:09:55', 'admin', '2014-06-30 11:09:55', 'admin', 'Русская механика', '2');
INSERT INTO `MOTOR_BRAND` (`ID`, `CREATED_AT`, `CREATED_BY`, `MODIFIED_AT`, `MODIFIED_BY`, `NAME`, `VERSION`) VALUES ('19546711-B2A0-4639-8842-382E264E4DE2', '2014-06-30 11:09:08', 'admin', '2014-06-30 11:09:08', 'admin', 'Yamaha', '2');
INSERT INTO `MOTOR_BRAND` (`ID`, `CREATED_AT`, `CREATED_BY`, `MODIFIED_AT`, `MODIFIED_BY`, `NAME`, `VERSION`) VALUES ('23914D76-ECD7-4E22-BBCA-680429A9B601', '2014-06-30 10:56:16', 'admin', '2014-06-30 10:56:16', 'admin', 'Aprilia', '1');
INSERT INTO `MOTOR_BRAND` (`ID`, `CREATED_AT`, `CREATED_BY`, `MODIFIED_AT`, `MODIFIED_BY`, `NAME`, `VERSION`) VALUES ('2EDC35BB-70C0-420C-8301-EF919C73056B', '2014-06-30 11:05:29', 'admin', '2014-06-30 11:05:29', 'admin', 'Solano', '1');
INSERT INTO `MOTOR_BRAND` (`ID`, `CREATED_AT`, `CREATED_BY`, `MODIFIED_AT`, `MODIFIED_BY`, `NAME`, `VERSION`) VALUES ('3439EFA0-7DAE-45AA-AECE-03080447B4FD', '2014-06-30 11:00:25', 'admin', '2014-06-30 11:00:25', 'admin', 'Ducati', '1');
INSERT INTO `MOTOR_BRAND` (`ID`, `CREATED_AT`, `CREATED_BY`, `MODIFIED_AT`, `MODIFIED_BY`, `NAME`, `VERSION`) VALUES ('374E919E-5891-443B-A15F-8F681B35B893', '2014-06-30 10:59:03', 'admin', '2014-06-30 10:59:03', 'admin', 'CFMOTO', '3');
INSERT INTO `MOTOR_BRAND` (`ID`, `CREATED_AT`, `CREATED_BY`, `MODIFIED_AT`, `MODIFIED_BY`, `NAME`, `VERSION`) VALUES ('3BC8E9C0-B7E5-46F9-9511-8AC59FAF7D06', '2014-06-30 11:00:39', 'admin', '2014-06-30 11:00:39', 'admin', 'Gamax', '1');
INSERT INTO `MOTOR_BRAND` (`ID`, `CREATED_AT`, `CREATED_BY`, `MODIFIED_AT`, `MODIFIED_BY`, `NAME`, `VERSION`) VALUES ('491B6EF0-51DC-4555-9230-CF760D0964E1', '2014-06-30 11:02:00', 'admin', '2014-06-30 11:02:00', 'admin', 'Husqvarna', '1');
INSERT INTO `MOTOR_BRAND` (`ID`, `CREATED_AT`, `CREATED_BY`, `MODIFIED_AT`, `MODIFIED_BY`, `NAME`, `VERSION`) VALUES ('545536E6-13E8-4E8E-9F0A-53995FCE8FA0', '2014-06-30 11:04:59', 'admin', '2014-06-30 11:04:59', 'admin', 'Royal Enfield', '1');
INSERT INTO `MOTOR_BRAND` (`ID`, `CREATED_AT`, `CREATED_BY`, `MODIFIED_AT`, `MODIFIED_BY`, `NAME`, `VERSION`) VALUES ('5CA4C86B-7257-4F4E-9618-43BB9A2F5662', '2014-06-30 11:03:06', 'admin', '2014-06-30 11:03:06', 'admin', 'Mercury', '1');
INSERT INTO `MOTOR_BRAND` (`ID`, `CREATED_AT`, `CREATED_BY`, `MODIFIED_AT`, `MODIFIED_BY`, `NAME`, `VERSION`) VALUES ('74AF4791-7CA4-4F31-83B5-26B88D164282', '2014-06-30 11:12:26', 'admin', '2014-06-30 11:12:26', 'admin', 'STELS', '1');
INSERT INTO `MOTOR_BRAND` (`ID`, `CREATED_AT`, `CREATED_BY`, `MODIFIED_AT`, `MODIFIED_BY`, `NAME`, `VERSION`) VALUES ('77970B4C-564E-4705-86B1-65FF7C7F3639', '2014-06-30 11:05:16', 'admin', '2014-06-30 11:05:16', 'admin', 'Silver', '1');
INSERT INTO `MOTOR_BRAND` (`ID`, `CREATED_AT`, `CREATED_BY`, `MODIFIED_AT`, `MODIFIED_BY`, `NAME`, `VERSION`) VALUES ('7A196D3B-A96A-4BCA-BAFE-80B4F051EA4A', '2014-06-30 11:01:32', 'admin', '2014-06-30 11:01:32', 'admin', 'Honda', '2');
INSERT INTO `MOTOR_BRAND` (`ID`, `CREATED_AT`, `CREATED_BY`, `MODIFIED_AT`, `MODIFIED_BY`, `NAME`, `VERSION`) VALUES ('7C344707-F770-45A1-82BC-4C8F0D96793C', '2014-06-30 10:58:24', 'admin', '2014-06-30 10:58:24', 'admin', 'CECTEK', '2');
INSERT INTO `MOTOR_BRAND` (`ID`, `CREATED_AT`, `CREATED_BY`, `MODIFIED_AT`, `MODIFIED_BY`, `NAME`, `VERSION`) VALUES ('872A16C8-9003-4A09-9CA1-FBA52A1F1BFB', '2014-06-30 11:09:32', 'admin', '2014-06-30 11:09:32', 'admin', 'Yamarin', '1');
INSERT INTO `MOTOR_BRAND` (`ID`, `CREATED_AT`, `CREATED_BY`, `MODIFIED_AT`, `MODIFIED_BY`, `NAME`, `VERSION`) VALUES ('90815792-12C9-408E-90DE-1FF5CE194190', '2014-06-30 11:07:22', 'admin', '2014-06-30 11:07:22', 'admin', 'UMS', '1');
INSERT INTO `MOTOR_BRAND` (`ID`, `CREATED_AT`, `CREATED_BY`, `MODIFIED_AT`, `MODIFIED_BY`, `NAME`, `VERSION`) VALUES ('96ABF552-6645-4BD2-B417-FA8185950E7E', '2014-06-30 11:07:42', 'admin', '2014-06-30 11:07:42', 'admin', 'Vespa', '1');
INSERT INTO `MOTOR_BRAND` (`ID`, `CREATED_AT`, `CREATED_BY`, `MODIFIED_AT`, `MODIFIED_BY`, `NAME`, `VERSION`) VALUES ('BDEE4F52-9F76-4E97-A573-B1C3B5272789', '2014-06-30 11:07:06', 'admin', '2014-06-30 11:07:06', 'admin', 'Tohatsu', '1');
INSERT INTO `MOTOR_BRAND` (`ID`, `CREATED_AT`, `CREATED_BY`, `MODIFIED_AT`, `MODIFIED_BY`, `NAME`, `VERSION`) VALUES ('C298DAD5-9C7E-4421-8D78-2F2B07FFADE3', '2014-06-30 11:04:45', 'admin', '2014-06-30 11:04:45', 'admin', 'Polaris', '2');
INSERT INTO `MOTOR_BRAND` (`ID`, `CREATED_AT`, `CREATED_BY`, `MODIFIED_AT`, `MODIFIED_BY`, `NAME`, `VERSION`) VALUES ('C309C08A-48F6-44E1-82AC-7EF7B1BB0142', '2014-06-30 11:01:07', 'admin', '2014-06-30 11:01:07', 'admin', 'Harley-Davidson', '1');
INSERT INTO `MOTOR_BRAND` (`ID`, `CREATED_AT`, `CREATED_BY`, `MODIFIED_AT`, `MODIFIED_BY`, `NAME`, `VERSION`) VALUES ('CA65CEC7-65D1-4BE3-805C-575527580AE6', '2014-06-30 11:08:06', 'admin', '2014-06-30 11:08:06', 'admin', 'WindBoat', '1');
INSERT INTO `MOTOR_BRAND` (`ID`, `CREATED_AT`, `CREATED_BY`, `MODIFIED_AT`, `MODIFIED_BY`, `NAME`, `VERSION`) VALUES ('DFAD9A17-8CAE-4659-A1CF-783713BE0A73', '2014-06-30 11:03:21', 'admin', '2014-06-30 11:03:21', 'admin', 'Moto Guzzi', '1');
INSERT INTO `MOTOR_BRAND` (`ID`, `CREATED_AT`, `CREATED_BY`, `MODIFIED_AT`, `MODIFIED_BY`, `NAME`, `VERSION`) VALUES ('DFDF5281-4201-4B69-A6B5-EC73A54F75FF', '2014-06-30 11:02:38', 'admin', '2014-06-30 11:02:38', 'admin', 'Kawasaki', '2');
INSERT INTO `MOTOR_BRAND` (`ID`, `CREATED_AT`, `CREATED_BY`, `MODIFIED_AT`, `MODIFIED_BY`, `NAME`, `VERSION`) VALUES ('E1FA10D6-C47F-49D0-B12F-2FD7D1203BC6', '2014-06-30 11:06:21', 'admin', '2014-06-30 11:06:21', 'admin', 'Suzuki', '1');
INSERT INTO `MOTOR_BRAND` (`ID`, `CREATED_AT`, `CREATED_BY`, `MODIFIED_AT`, `MODIFIED_BY`, `NAME`, `VERSION`) VALUES ('ECCD29BD-16C1-4343-92B3-74881CC2BB82', '2014-06-30 11:06:51', 'admin', '2014-06-30 11:06:51', 'admin', 'SYM', '1');
INSERT INTO `MOTOR_BRAND` (`ID`, `CREATED_AT`, `CREATED_BY`, `MODIFIED_AT`, `MODIFIED_BY`, `NAME`, `VERSION`) VALUES ('F23F0ADC-6030-4920-AC03-AA6376D1CFBA', '2014-06-30 11:03:36', 'admin', '2014-06-30 11:03:36', 'admin', 'Piaggio', '1');
INSERT INTO `MOTOR_BRAND` (`ID`, `CREATED_AT`, `CREATED_BY`, `MODIFIED_AT`, `MODIFIED_BY`, `NAME`, `VERSION`) VALUES ('FCD39DD0-942E-4918-9311-0D224194CBBB', '2014-06-30 11:02:53', 'admin', '2014-06-30 11:02:53', 'admin', 'KTM', '1');
INSERT INTO `MOTOR_BRAND` (`ID`, `CREATED_AT`, `CREATED_BY`, `MODIFIED_AT`, `MODIFIED_BY`, `NAME`, `VERSION`) VALUES ('FD09CA47-1BEB-431D-88A0-6C37EB40280D', '2014-06-30 10:56:42', 'admin', '2014-06-30 10:56:42', 'admin', 'Arctic Cat', '2');
INSERT INTO `MOTOR_BRAND` (`ID`, `CREATED_AT`, `CREATED_BY`, `MODIFIED_AT`, `MODIFIED_BY`, `NAME`, `VERSION`) VALUES ('FD683EAD-2EF4-4C1B-B789-D633BAC41AB1', '2014-06-30 10:57:31', 'admin', '2014-06-30 10:57:31', 'admin', 'BRP', '4');

# Данные о связях типа техники и бренда
INSERT INTO `BRAND_TYPE`(`TYPE_ID`, `BRAND_ID`) VALUES ('30D6301A-FDD9-434D-B8BD-9BE8A19585FB', '0BFCAF34-B2B0-4AAE-8864-4DF1E85099E9');
INSERT INTO `BRAND_TYPE`(`TYPE_ID`, `BRAND_ID`) VALUES ('30D6301A-FDD9-434D-B8BD-9BE8A19585FB', '19546711-B2A0-4639-8842-382E264E4DE2');
INSERT INTO `BRAND_TYPE`(`TYPE_ID`, `BRAND_ID`) VALUES ('30D6301A-FDD9-434D-B8BD-9BE8A19585FB', '23914D76-ECD7-4E22-BBCA-680429A9B601');
INSERT INTO `BRAND_TYPE`(`TYPE_ID`, `BRAND_ID`) VALUES ('30D6301A-FDD9-434D-B8BD-9BE8A19585FB', '3439EFA0-7DAE-45AA-AECE-03080447B4FD');
INSERT INTO `BRAND_TYPE`(`TYPE_ID`, `BRAND_ID`) VALUES ('30D6301A-FDD9-434D-B8BD-9BE8A19585FB', '374E919E-5891-443B-A15F-8F681B35B893');
INSERT INTO `BRAND_TYPE`(`TYPE_ID`, `BRAND_ID`) VALUES ('30D6301A-FDD9-434D-B8BD-9BE8A19585FB', '491B6EF0-51DC-4555-9230-CF760D0964E1');
INSERT INTO `BRAND_TYPE`(`TYPE_ID`, `BRAND_ID`) VALUES ('30D6301A-FDD9-434D-B8BD-9BE8A19585FB', '545536E6-13E8-4E8E-9F0A-53995FCE8FA0');
INSERT INTO `BRAND_TYPE`(`TYPE_ID`, `BRAND_ID`) VALUES ('30D6301A-FDD9-434D-B8BD-9BE8A19585FB', '7A196D3B-A96A-4BCA-BAFE-80B4F051EA4A');
INSERT INTO `BRAND_TYPE`(`TYPE_ID`, `BRAND_ID`) VALUES ('30D6301A-FDD9-434D-B8BD-9BE8A19585FB', 'C309C08A-48F6-44E1-82AC-7EF7B1BB0142');
INSERT INTO `BRAND_TYPE`(`TYPE_ID`, `BRAND_ID`) VALUES ('30D6301A-FDD9-434D-B8BD-9BE8A19585FB', 'DFAD9A17-8CAE-4659-A1CF-783713BE0A73');
INSERT INTO `BRAND_TYPE`(`TYPE_ID`, `BRAND_ID`) VALUES ('30D6301A-FDD9-434D-B8BD-9BE8A19585FB', 'DFDF5281-4201-4B69-A6B5-EC73A54F75FF');
INSERT INTO `BRAND_TYPE`(`TYPE_ID`, `BRAND_ID`) VALUES ('30D6301A-FDD9-434D-B8BD-9BE8A19585FB', 'E1FA10D6-C47F-49D0-B12F-2FD7D1203BC6');
INSERT INTO `BRAND_TYPE`(`TYPE_ID`, `BRAND_ID`) VALUES ('30D6301A-FDD9-434D-B8BD-9BE8A19585FB', 'ECCD29BD-16C1-4343-92B3-74881CC2BB82');
INSERT INTO `BRAND_TYPE`(`TYPE_ID`, `BRAND_ID`) VALUES ('30D6301A-FDD9-434D-B8BD-9BE8A19585FB', 'FCD39DD0-942E-4918-9311-0D224194CBBB');
INSERT INTO `BRAND_TYPE`(`TYPE_ID`, `BRAND_ID`) VALUES ('30D6301A-FDD9-434D-B8BD-9BE8A19585FB', 'FD683EAD-2EF4-4C1B-B789-D633BAC41AB1');
INSERT INTO `BRAND_TYPE`(`TYPE_ID`, `BRAND_ID`) VALUES ('4CEE6778-1E51-48E2-BFC1-C066C025311B', '374E919E-5891-443B-A15F-8F681B35B893');
INSERT INTO `BRAND_TYPE`(`TYPE_ID`, `BRAND_ID`) VALUES ('4CEE6778-1E51-48E2-BFC1-C066C025311B', '74AF4791-7CA4-4F31-83B5-26B88D164282');
INSERT INTO `BRAND_TYPE`(`TYPE_ID`, `BRAND_ID`) VALUES ('4CEE6778-1E51-48E2-BFC1-C066C025311B', 'C298DAD5-9C7E-4421-8D78-2F2B07FFADE3');
INSERT INTO `BRAND_TYPE`(`TYPE_ID`, `BRAND_ID`) VALUES ('4CEE6778-1E51-48E2-BFC1-C066C025311B', 'FD683EAD-2EF4-4C1B-B789-D633BAC41AB1');
INSERT INTO `BRAND_TYPE`(`TYPE_ID`, `BRAND_ID`) VALUES ('4DD188C7-EC7C-4C88-B438-211AEC4051F3', '19546711-B2A0-4639-8842-382E264E4DE2');
INSERT INTO `BRAND_TYPE`(`TYPE_ID`, `BRAND_ID`) VALUES ('4DD188C7-EC7C-4C88-B438-211AEC4051F3', 'DFDF5281-4201-4B69-A6B5-EC73A54F75FF');
INSERT INTO `BRAND_TYPE`(`TYPE_ID`, `BRAND_ID`) VALUES ('4DD188C7-EC7C-4C88-B438-211AEC4051F3', 'FD683EAD-2EF4-4C1B-B789-D633BAC41AB1');
INSERT INTO `BRAND_TYPE`(`TYPE_ID`, `BRAND_ID`) VALUES ('7D4820FD-09CD-4FA8-A10E-C4D755E33A17', '2EDC35BB-70C0-420C-8301-EF919C73056B');
INSERT INTO `BRAND_TYPE`(`TYPE_ID`, `BRAND_ID`) VALUES ('7D4820FD-09CD-4FA8-A10E-C4D755E33A17', '872A16C8-9003-4A09-9CA1-FBA52A1F1BFB');
INSERT INTO `BRAND_TYPE`(`TYPE_ID`, `BRAND_ID`) VALUES ('7D4820FD-09CD-4FA8-A10E-C4D755E33A17', 'CA65CEC7-65D1-4BE3-805C-575527580AE6');
INSERT INTO `BRAND_TYPE`(`TYPE_ID`, `BRAND_ID`) VALUES ('8611FE1E-8BCF-4CF1-A3FC-770E97D8C9E9', '19546711-B2A0-4639-8842-382E264E4DE2');
INSERT INTO `BRAND_TYPE`(`TYPE_ID`, `BRAND_ID`) VALUES ('8611FE1E-8BCF-4CF1-A3FC-770E97D8C9E9', '374E919E-5891-443B-A15F-8F681B35B893');
INSERT INTO `BRAND_TYPE`(`TYPE_ID`, `BRAND_ID`) VALUES ('8611FE1E-8BCF-4CF1-A3FC-770E97D8C9E9', '3BC8E9C0-B7E5-46F9-9511-8AC59FAF7D06');
INSERT INTO `BRAND_TYPE`(`TYPE_ID`, `BRAND_ID`) VALUES ('8611FE1E-8BCF-4CF1-A3FC-770E97D8C9E9', '7A196D3B-A96A-4BCA-BAFE-80B4F051EA4A');
INSERT INTO `BRAND_TYPE`(`TYPE_ID`, `BRAND_ID`) VALUES ('8611FE1E-8BCF-4CF1-A3FC-770E97D8C9E9', '7C344707-F770-45A1-82BC-4C8F0D96793C');
INSERT INTO `BRAND_TYPE`(`TYPE_ID`, `BRAND_ID`) VALUES ('8611FE1E-8BCF-4CF1-A3FC-770E97D8C9E9', 'C298DAD5-9C7E-4421-8D78-2F2B07FFADE3');
INSERT INTO `BRAND_TYPE`(`TYPE_ID`, `BRAND_ID`) VALUES ('8611FE1E-8BCF-4CF1-A3FC-770E97D8C9E9', 'DFDF5281-4201-4B69-A6B5-EC73A54F75FF');
INSERT INTO `BRAND_TYPE`(`TYPE_ID`, `BRAND_ID`) VALUES ('8611FE1E-8BCF-4CF1-A3FC-770E97D8C9E9', 'E1FA10D6-C47F-49D0-B12F-2FD7D1203BC6');
INSERT INTO `BRAND_TYPE`(`TYPE_ID`, `BRAND_ID`) VALUES ('8611FE1E-8BCF-4CF1-A3FC-770E97D8C9E9', 'ECCD29BD-16C1-4343-92B3-74881CC2BB82');
INSERT INTO `BRAND_TYPE`(`TYPE_ID`, `BRAND_ID`) VALUES ('8611FE1E-8BCF-4CF1-A3FC-770E97D8C9E9', 'FD09CA47-1BEB-431D-88A0-6C37EB40280D');
INSERT INTO `BRAND_TYPE`(`TYPE_ID`, `BRAND_ID`) VALUES ('8611FE1E-8BCF-4CF1-A3FC-770E97D8C9E9', 'FD683EAD-2EF4-4C1B-B789-D633BAC41AB1');
INSERT INTO `BRAND_TYPE`(`TYPE_ID`, `BRAND_ID`) VALUES ('A659A483-8A48-487D-9BB8-8596AE7BF46F', '18CBE681-4BAC-43E8-95A2-747A2CB283AE');
INSERT INTO `BRAND_TYPE`(`TYPE_ID`, `BRAND_ID`) VALUES ('A659A483-8A48-487D-9BB8-8596AE7BF46F', '19546711-B2A0-4639-8842-382E264E4DE2');
INSERT INTO `BRAND_TYPE`(`TYPE_ID`, `BRAND_ID`) VALUES ('A659A483-8A48-487D-9BB8-8596AE7BF46F', 'C298DAD5-9C7E-4421-8D78-2F2B07FFADE3');
INSERT INTO `BRAND_TYPE`(`TYPE_ID`, `BRAND_ID`) VALUES ('A659A483-8A48-487D-9BB8-8596AE7BF46F', 'FD09CA47-1BEB-431D-88A0-6C37EB40280D');
INSERT INTO `BRAND_TYPE`(`TYPE_ID`, `BRAND_ID`) VALUES ('A659A483-8A48-487D-9BB8-8596AE7BF46F', 'FD683EAD-2EF4-4C1B-B789-D633BAC41AB1');
INSERT INTO `BRAND_TYPE`(`TYPE_ID`, `BRAND_ID`) VALUES ('B057EF90-35F6-4B41-84CE-72CB0FFEFDE5', '77970B4C-564E-4705-86B1-65FF7C7F3639');
INSERT INTO `BRAND_TYPE`(`TYPE_ID`, `BRAND_ID`) VALUES ('B057EF90-35F6-4B41-84CE-72CB0FFEFDE5', '872A16C8-9003-4A09-9CA1-FBA52A1F1BFB');
INSERT INTO `BRAND_TYPE`(`TYPE_ID`, `BRAND_ID`) VALUES ('B057EF90-35F6-4B41-84CE-72CB0FFEFDE5', '90815792-12C9-408E-90DE-1FF5CE194190');
INSERT INTO `BRAND_TYPE`(`TYPE_ID`, `BRAND_ID`) VALUES ('B057EF90-35F6-4B41-84CE-72CB0FFEFDE5', 'CA65CEC7-65D1-4BE3-805C-575527580AE6');
INSERT INTO `BRAND_TYPE`(`TYPE_ID`, `BRAND_ID`) VALUES ('B057EF90-35F6-4B41-84CE-72CB0FFEFDE5', 'FD683EAD-2EF4-4C1B-B789-D633BAC41AB1');
INSERT INTO `BRAND_TYPE`(`TYPE_ID`, `BRAND_ID`) VALUES ('CE80EC0D-9778-44B0-AA0A-B6E28EE51872', '18CBE681-4BAC-43E8-95A2-747A2CB283AE');
INSERT INTO `BRAND_TYPE`(`TYPE_ID`, `BRAND_ID`) VALUES ('CE80EC0D-9778-44B0-AA0A-B6E28EE51872', '19546711-B2A0-4639-8842-382E264E4DE2');
INSERT INTO `BRAND_TYPE`(`TYPE_ID`, `BRAND_ID`) VALUES ('CE80EC0D-9778-44B0-AA0A-B6E28EE51872', '374E919E-5891-443B-A15F-8F681B35B893');
INSERT INTO `BRAND_TYPE`(`TYPE_ID`, `BRAND_ID`) VALUES ('CE80EC0D-9778-44B0-AA0A-B6E28EE51872', '7A196D3B-A96A-4BCA-BAFE-80B4F051EA4A');
INSERT INTO `BRAND_TYPE`(`TYPE_ID`, `BRAND_ID`) VALUES ('CE80EC0D-9778-44B0-AA0A-B6E28EE51872', '7C344707-F770-45A1-82BC-4C8F0D96793C');
INSERT INTO `BRAND_TYPE`(`TYPE_ID`, `BRAND_ID`) VALUES ('CE80EC0D-9778-44B0-AA0A-B6E28EE51872', 'DFDF5281-4201-4B69-A6B5-EC73A54F75FF');
INSERT INTO `BRAND_TYPE`(`TYPE_ID`, `BRAND_ID`) VALUES ('CE80EC0D-9778-44B0-AA0A-B6E28EE51872', 'FD09CA47-1BEB-431D-88A0-6C37EB40280D');
INSERT INTO `BRAND_TYPE`(`TYPE_ID`, `BRAND_ID`) VALUES ('CE80EC0D-9778-44B0-AA0A-B6E28EE51872', 'FD683EAD-2EF4-4C1B-B789-D633BAC41AB1');
INSERT INTO `BRAND_TYPE`(`TYPE_ID`, `BRAND_ID`) VALUES ('D6321A73-6EE3-465F-BBC3-7A0481775C8F', '04859F7F-253E-42A1-BCCF-D6B99015B320');
INSERT INTO `BRAND_TYPE`(`TYPE_ID`, `BRAND_ID`) VALUES ('D6321A73-6EE3-465F-BBC3-7A0481775C8F', '19546711-B2A0-4639-8842-382E264E4DE2');
INSERT INTO `BRAND_TYPE`(`TYPE_ID`, `BRAND_ID`) VALUES ('D6321A73-6EE3-465F-BBC3-7A0481775C8F', '23914D76-ECD7-4E22-BBCA-680429A9B601');
INSERT INTO `BRAND_TYPE`(`TYPE_ID`, `BRAND_ID`) VALUES ('D6321A73-6EE3-465F-BBC3-7A0481775C8F', '374E919E-5891-443B-A15F-8F681B35B893');
INSERT INTO `BRAND_TYPE`(`TYPE_ID`, `BRAND_ID`) VALUES ('D6321A73-6EE3-465F-BBC3-7A0481775C8F', '7A196D3B-A96A-4BCA-BAFE-80B4F051EA4A');
INSERT INTO `BRAND_TYPE`(`TYPE_ID`, `BRAND_ID`) VALUES ('D6321A73-6EE3-465F-BBC3-7A0481775C8F', '96ABF552-6645-4BD2-B417-FA8185950E7E');
INSERT INTO `BRAND_TYPE`(`TYPE_ID`, `BRAND_ID`) VALUES ('D6321A73-6EE3-465F-BBC3-7A0481775C8F', 'E1FA10D6-C47F-49D0-B12F-2FD7D1203BC6');
INSERT INTO `BRAND_TYPE`(`TYPE_ID`, `BRAND_ID`) VALUES ('D6321A73-6EE3-465F-BBC3-7A0481775C8F', 'ECCD29BD-16C1-4343-92B3-74881CC2BB82');
INSERT INTO `BRAND_TYPE`(`TYPE_ID`, `BRAND_ID`) VALUES ('D6321A73-6EE3-465F-BBC3-7A0481775C8F', 'F23F0ADC-6030-4920-AC03-AA6376D1CFBA');
INSERT INTO `BRAND_TYPE`(`TYPE_ID`, `BRAND_ID`) VALUES ('FAE40B81-241A-40D3-83DF-7E5F1AB3FEC9', '19546711-B2A0-4639-8842-382E264E4DE2');
INSERT INTO `BRAND_TYPE`(`TYPE_ID`, `BRAND_ID`) VALUES ('FAE40B81-241A-40D3-83DF-7E5F1AB3FEC9', '5CA4C86B-7257-4F4E-9618-43BB9A2F5662');
INSERT INTO `BRAND_TYPE`(`TYPE_ID`, `BRAND_ID`) VALUES ('FAE40B81-241A-40D3-83DF-7E5F1AB3FEC9', 'BDEE4F52-9F76-4E97-A573-B1C3B5272789');
INSERT INTO `BRAND_TYPE`(`TYPE_ID`, `BRAND_ID`) VALUES ('FAE40B81-241A-40D3-83DF-7E5F1AB3FEC9', 'E1FA10D6-C47F-49D0-B12F-2FD7D1203BC6');
INSERT INTO `BRAND_TYPE`(`TYPE_ID`, `BRAND_ID`) VALUES ('FAE40B81-241A-40D3-83DF-7E5F1AB3FEC9', 'FD683EAD-2EF4-4C1B-B789-D633BAC41AB1');

# Исправляем таблицу коллекции
INSERT INTO USER_PROFILE_BRAND(USER_ID, PERMITBRANDS)
  SELECT UserProfile_ID, PERMITBRANDS
  FROM UserProfile_PERMITBRANDS;
DELETE FROM UserProfile_PERMITBRANDS;
DROP TABLE UserProfile_PERMITBRANDS;

# Исправляем таблицу коллекции
INSERT INTO USER_PROFILE_REGION(USER_ID, PERMITREGIONS)
  SELECT UserProfile_ID, PERMITREGIONS
  FROM UserProfile_PERMITREGIONS;
DELETE FROM UserProfile_PERMITREGIONS;
DROP TABLE UserProfile_PERMITREGIONS;

# Данные групп пользователей
INSERT INTO USER_GROUP(`ID`,`CREATED_AT`,`CREATED_BY`,`DESCRIPTION`,`MODIFIED_AT`,`MODIFIED_BY`, `NAME`, `VERSION`) VALUES('124E4D0F-0E87-4893-8BF0-82AC04FFDD34', '2014-07-01 13:39:34', 'admin', 'Определяет деятельность руководителей \"Дилера\"', '2014-07-01 13:39:34', 'admin', 'Руководители \"Дилера\"', '1');
INSERT INTO USER_GROUP(`ID`,`CREATED_AT`,`CREATED_BY`,`DESCRIPTION`,`MODIFIED_AT`,`MODIFIED_BY`, `NAME`, `VERSION`) VALUES('26949D2E-6128-484D-8739-0DFA616804E0', '2014-07-01 12:25:56', 'admin', 'Определяет деятельность руководителей \"Экстрим Асистанс\"', '2014-07-01 12:25:56', 'admin', 'Руководители \"Экстрим Асистанс\"', '1');
INSERT INTO USER_GROUP(`ID`,`CREATED_AT`,`CREATED_BY`,`DESCRIPTION`,`MODIFIED_AT`,`MODIFIED_BY`, `NAME`, `VERSION`) VALUES('439B1DFB-7028-4249-82B0-5015F3886005', '2014-07-01 13:47:34', 'admin', 'Определяет деятельность сотрудников \"Дистрибьютора\"', '2014-07-01 13:47:34', 'admin', 'Сотрудники \"Дистрибьютора\"', '1');
INSERT INTO USER_GROUP(`ID`,`CREATED_AT`,`CREATED_BY`,`DESCRIPTION`,`MODIFIED_AT`,`MODIFIED_BY`, `NAME`, `VERSION`) VALUES('86B5B6BE-5600-4E9B-A5AD-0305E32E06E4', '2014-07-01 13:28:16', 'admin', 'Определяет деятельность рядовых сотрудников \"Дилера\"', '2014-07-01 13:28:16', 'admin', 'Сотрудники \"Дилера\"', '1');
INSERT INTO USER_GROUP(`ID`,`CREATED_AT`,`CREATED_BY`,`DESCRIPTION`,`MODIFIED_AT`,`MODIFIED_BY`, `NAME`, `VERSION`) VALUES('E9CD0B2F-0872-4F86-AF2E-EC808032F622', '2014-06-30 23:09:41', 'admin', 'Определяет деятельность рядовых сотрудников \"Экстрим Асистанс\"', '2014-06-30 23:09:41', 'admin', 'Сотрудники \"Экстрим Асистанс\"', '1');

# Данные правил доступа
INSERT INTO ACCESS_PERMISSION(`ID`,`CREATED_AT`,`CREATED_BY`,`DOMAIN`,`MODIFIED_AT`,`MODIFIED_BY`,`TARGET`,`VERSION`,`GROUP_ID`,`USER_ID`) VALUES('0A2B4BB2-FB06-4FD0-8426-9B072C2E760E', '2014-07-01 13:28:16', 'admin', 'leads/new', '2014-07-01 13:28:16', 'admin', 'sale-point', '1', '86B5B6BE-5600-4E9B-A5AD-0305E32E06E4', NULL);
INSERT INTO ACCESS_PERMISSION(`ID`,`CREATED_AT`,`CREATED_BY`,`DOMAIN`,`MODIFIED_AT`,`MODIFIED_BY`,`TARGET`,`VERSION`,`GROUP_ID`,`USER_ID`) VALUES('0A4C3BC1-C1A1-4E1C-B092-8A18637C5AC5', '2014-07-01 12:25:56', 'admin', 'tasks/week', '2014-07-01 13:22:24', 'admin', 'corporate', '2', '26949D2E-6128-484D-8739-0DFA616804E0', NULL);
INSERT INTO ACCESS_PERMISSION(`ID`,`CREATED_AT`,`CREATED_BY`,`DOMAIN`,`MODIFIED_AT`,`MODIFIED_BY`,`TARGET`,`VERSION`,`GROUP_ID`,`USER_ID`) VALUES('0BE928FB-AB37-468C-8608-7555F2B21097', '2014-07-01 13:28:16', 'admin', 'products/installment', '2014-07-01 13:28:16', 'admin', '*', '1', '86B5B6BE-5600-4E9B-A5AD-0305E32E06E4', NULL);
INSERT INTO ACCESS_PERMISSION(`ID`,`CREATED_AT`,`CREATED_BY`,`DOMAIN`,`MODIFIED_AT`,`MODIFIED_BY`,`TARGET`,`VERSION`,`GROUP_ID`,`USER_ID`) VALUES('10A9B7F7-CF54-4E11-8CC0-8103D3E36E4D', '2014-07-01 11:50:33', 'admin', 'products/credit', '2014-07-01 11:50:33', 'admin', '*', '1', 'E9CD0B2F-0872-4F86-AF2E-EC808032F622', NULL);
INSERT INTO ACCESS_PERMISSION(`ID`,`CREATED_AT`,`CREATED_BY`,`DOMAIN`,`MODIFIED_AT`,`MODIFIED_BY`,`TARGET`,`VERSION`,`GROUP_ID`,`USER_ID`) VALUES('1150E387-13BA-47B8-8FD2-10949C681350', '2014-07-01 13:28:16', 'admin', 'tasks/week', '2014-07-01 13:28:16', 'admin', 'ownonly', '1', '86B5B6BE-5600-4E9B-A5AD-0305E32E06E4', NULL);
INSERT INTO ACCESS_PERMISSION(`ID`,`CREATED_AT`,`CREATED_BY`,`DOMAIN`,`MODIFIED_AT`,`MODIFIED_BY`,`TARGET`,`VERSION`,`GROUP_ID`,`USER_ID`) VALUES('11E79274-742C-478C-BDC2-1D931D42426C', '2014-07-01 01:13:43', 'admin', 'contacts/sale-points', '2014-07-01 01:13:43', 'admin', '*', '1', 'E9CD0B2F-0872-4F86-AF2E-EC808032F622', NULL);
INSERT INTO ACCESS_PERMISSION(`ID`,`CREATED_AT`,`CREATED_BY`,`DOMAIN`,`MODIFIED_AT`,`MODIFIED_BY`,`TARGET`,`VERSION`,`GROUP_ID`,`USER_ID`) VALUES('1202AE87-8CF8-4E1A-814F-F3C1ADAB7AB2', '2014-07-01 13:28:16', 'admin', 'contacts/legal-entities', '2014-07-01 13:28:16', 'admin', 'sale-point', '1', '86B5B6BE-5600-4E9B-A5AD-0305E32E06E4', NULL);
INSERT INTO ACCESS_PERMISSION(`ID`,`CREATED_AT`,`CREATED_BY`,`DOMAIN`,`MODIFIED_AT`,`MODIFIED_BY`,`TARGET`,`VERSION`,`GROUP_ID`,`USER_ID`) VALUES('12479C36-C85F-4856-8BA9-540F7779E842', '2014-07-01 13:47:34', 'admin', 'dashboard', '2014-07-01 13:47:34', 'admin', '*', '1', '439B1DFB-7028-4249-82B0-5015F3886005', NULL);
INSERT INTO ACCESS_PERMISSION(`ID`,`CREATED_AT`,`CREATED_BY`,`DOMAIN`,`MODIFIED_AT`,`MODIFIED_BY`,`TARGET`,`VERSION`,`GROUP_ID`,`USER_ID`) VALUES('14BDAC93-900F-46BB-A7E5-6B108E5331BB', '2014-07-01 13:28:16', 'admin', 'tasks/today', '2014-07-01 13:28:16', 'admin', 'ownonly', '1', '86B5B6BE-5600-4E9B-A5AD-0305E32E06E4', NULL);
INSERT INTO ACCESS_PERMISSION(`ID`,`CREATED_AT`,`CREATED_BY`,`DOMAIN`,`MODIFIED_AT`,`MODIFIED_BY`,`TARGET`,`VERSION`,`GROUP_ID`,`USER_ID`) VALUES('158C70FA-E0AA-4466-9335-F35AFA456FBA', '2014-07-01 13:47:34', 'admin', 'leads/qualified', '2014-07-01 13:47:34', 'admin', '*', '1', '439B1DFB-7028-4249-82B0-5015F3886005', NULL);
INSERT INTO ACCESS_PERMISSION(`ID`,`CREATED_AT`,`CREATED_BY`,`DOMAIN`,`MODIFIED_AT`,`MODIFIED_BY`,`TARGET`,`VERSION`,`GROUP_ID`,`USER_ID`) VALUES('188A0E7E-2009-4923-AD5B-918508966FE6', '2014-06-30 23:44:46', 'admin', 'sales/canseled', '2014-06-30 23:44:46', 'admin', 'ownonly', '1', 'E9CD0B2F-0872-4F86-AF2E-EC808032F622', NULL);
INSERT INTO ACCESS_PERMISSION(`ID`,`CREATED_AT`,`CREATED_BY`,`DOMAIN`,`MODIFIED_AT`,`MODIFIED_BY`,`TARGET`,`VERSION`,`GROUP_ID`,`USER_ID`) VALUES('18A40B5B-3F26-43FA-BD3B-EAF11E0482DE', '2014-07-01 12:25:56', 'admin', 'tasks/month', '2014-07-01 13:22:24', 'admin', 'corporate', '2', '26949D2E-6128-484D-8739-0DFA616804E0', NULL);
INSERT INTO ACCESS_PERMISSION(`ID`,`CREATED_AT`,`CREATED_BY`,`DOMAIN`,`MODIFIED_AT`,`MODIFIED_BY`,`TARGET`,`VERSION`,`GROUP_ID`,`USER_ID`) VALUES('1CDC06B5-4735-4F0D-9FDB-EBA1F64DB320', '2014-07-01 12:25:56', 'admin', 'sales/opened', '2014-07-01 13:22:24', 'admin', '*', '2', '26949D2E-6128-484D-8739-0DFA616804E0', NULL);
INSERT INTO ACCESS_PERMISSION(`ID`,`CREATED_AT`,`CREATED_BY`,`DOMAIN`,`MODIFIED_AT`,`MODIFIED_BY`,`TARGET`,`VERSION`,`GROUP_ID`,`USER_ID`) VALUES('29386332-8DCE-4B13-BDA0-6061415FB2AC', '2014-07-01 13:28:16', 'admin', 'products/credit', '2014-07-01 13:28:16', 'admin', '*', '1', '86B5B6BE-5600-4E9B-A5AD-0305E32E06E4', NULL);
INSERT INTO ACCESS_PERMISSION(`ID`,`CREATED_AT`,`CREATED_BY`,`DOMAIN`,`MODIFIED_AT`,`MODIFIED_BY`,`TARGET`,`VERSION`,`GROUP_ID`,`USER_ID`) VALUES('2AEE0EF7-E442-42A9-8F4F-6299E06F9A1E', '2014-07-01 13:47:34', 'admin', 'contacts/persons', '2014-07-01 13:47:34', 'admin', '*', '1', '439B1DFB-7028-4249-82B0-5015F3886005', NULL);
INSERT INTO ACCESS_PERMISSION(`ID`,`CREATED_AT`,`CREATED_BY`,`DOMAIN`,`MODIFIED_AT`,`MODIFIED_BY`,`TARGET`,`VERSION`,`GROUP_ID`,`USER_ID`) VALUES('2C2FF2D7-6A4A-4656-97BE-73737A6A27B7', '2014-07-01 13:39:34', 'admin', 'tasks/all', '2014-07-01 13:39:34', 'admin', 'corporate', '1', '124E4D0F-0E87-4893-8BF0-82AC04FFDD34', NULL);
INSERT INTO ACCESS_PERMISSION(`ID`,`CREATED_AT`,`CREATED_BY`,`DOMAIN`,`MODIFIED_AT`,`MODIFIED_BY`,`TARGET`,`VERSION`,`GROUP_ID`,`USER_ID`) VALUES('2CC0F67B-0602-4A19-8DF9-7D37B6A11FD6', '2014-07-01 13:39:34', 'admin', 'leads/closed', '2014-07-01 13:39:34', 'admin', 'corporate', '1', '124E4D0F-0E87-4893-8BF0-82AC04FFDD34', NULL);
INSERT INTO ACCESS_PERMISSION(`ID`,`CREATED_AT`,`CREATED_BY`,`DOMAIN`,`MODIFIED_AT`,`MODIFIED_BY`,`TARGET`,`VERSION`,`GROUP_ID`,`USER_ID`) VALUES('2F2BFDEC-D2CC-4011-BEC6-96762E1D5759', '2014-07-01 13:39:34', 'admin', 'sales/successful', '2014-07-01 13:39:34', 'admin', 'corporate', '1', '124E4D0F-0E87-4893-8BF0-82AC04FFDD34', NULL);
INSERT INTO ACCESS_PERMISSION(`ID`,`CREATED_AT`,`CREATED_BY`,`DOMAIN`,`MODIFIED_AT`,`MODIFIED_BY`,`TARGET`,`VERSION`,`GROUP_ID`,`USER_ID`) VALUES('30B0F599-F8A9-4E17-952E-4EBB736B8422', '2014-07-01 12:22:02', 'admin', 'sales/successful', '2014-07-01 12:22:02', 'admin', 'ownonly', '1', 'E9CD0B2F-0872-4F86-AF2E-EC808032F622', NULL);
INSERT INTO ACCESS_PERMISSION(`ID`,`CREATED_AT`,`CREATED_BY`,`DOMAIN`,`MODIFIED_AT`,`MODIFIED_BY`,`TARGET`,`VERSION`,`GROUP_ID`,`USER_ID`) VALUES('3228FFD6-FF9A-4EFF-9029-B9FAAA37530C', '2014-07-01 11:50:33', 'admin', 'leads/new', '2014-07-01 11:50:33', 'admin', 'ownonly', '1', 'E9CD0B2F-0872-4F86-AF2E-EC808032F622', NULL);
INSERT INTO ACCESS_PERMISSION(`ID`,`CREATED_AT`,`CREATED_BY`,`DOMAIN`,`MODIFIED_AT`,`MODIFIED_BY`,`TARGET`,`VERSION`,`GROUP_ID`,`USER_ID`) VALUES('35ACC8CC-3C77-49FC-AAE8-BB5BA3947541', '2014-07-01 13:28:16', 'admin', 'insurance/property', '2014-07-01 13:28:16', 'admin', 'sale-point', '1', '86B5B6BE-5600-4E9B-A5AD-0305E32E06E4', NULL);
INSERT INTO ACCESS_PERMISSION(`ID`,`CREATED_AT`,`CREATED_BY`,`DOMAIN`,`MODIFIED_AT`,`MODIFIED_BY`,`TARGET`,`VERSION`,`GROUP_ID`,`USER_ID`) VALUES('390034B8-4394-4CA9-AD2D-CA6F76F18C1A', '2014-07-01 12:25:56', 'admin', 'leads/closed', '2014-07-01 13:22:24', 'admin', 'corporate', '2', '26949D2E-6128-484D-8739-0DFA616804E0', NULL);
INSERT INTO ACCESS_PERMISSION(`ID`,`CREATED_AT`,`CREATED_BY`,`DOMAIN`,`MODIFIED_AT`,`MODIFIED_BY`,`TARGET`,`VERSION`,`GROUP_ID`,`USER_ID`) VALUES('49DD43C4-E26F-4A02-90B5-30549A5978FE', '2014-07-01 13:47:34', 'admin', 'sales/successful', '2014-07-01 13:47:34', 'admin', '*', '1', '439B1DFB-7028-4249-82B0-5015F3886005', NULL);
INSERT INTO ACCESS_PERMISSION(`ID`,`CREATED_AT`,`CREATED_BY`,`DOMAIN`,`MODIFIED_AT`,`MODIFIED_BY`,`TARGET`,`VERSION`,`GROUP_ID`,`USER_ID`) VALUES('4D13813A-469A-446E-ACA5-184762D4DCAA', '2014-07-01 13:47:34', 'admin', 'sales/opened', '2014-07-01 13:47:34', 'admin', '*', '1', '439B1DFB-7028-4249-82B0-5015F3886005', NULL);
INSERT INTO ACCESS_PERMISSION(`ID`,`CREATED_AT`,`CREATED_BY`,`DOMAIN`,`MODIFIED_AT`,`MODIFIED_BY`,`TARGET`,`VERSION`,`GROUP_ID`,`USER_ID`) VALUES('4D7B71D2-672F-4647-9800-FE44EDBAE246', '2014-07-01 01:13:43', 'admin', 'products/installment', '2014-07-01 01:13:43', 'admin', '*', '1', 'E9CD0B2F-0872-4F86-AF2E-EC808032F622', NULL);
INSERT INTO ACCESS_PERMISSION(`ID`,`CREATED_AT`,`CREATED_BY`,`DOMAIN`,`MODIFIED_AT`,`MODIFIED_BY`,`TARGET`,`VERSION`,`GROUP_ID`,`USER_ID`) VALUES('4E2502FD-167D-4FD1-AAC4-976FA8FB3056', '2014-07-01 12:25:56', 'admin', 'sales/canseled', '2014-07-01 13:22:24', 'admin', '*', '2', '26949D2E-6128-484D-8739-0DFA616804E0', NULL);
INSERT INTO ACCESS_PERMISSION(`ID`,`CREATED_AT`,`CREATED_BY`,`DOMAIN`,`MODIFIED_AT`,`MODIFIED_BY`,`TARGET`,`VERSION`,`GROUP_ID`,`USER_ID`) VALUES('4E413746-1067-4638-8F7C-CCCCE1CA4D8B', '2014-07-01 11:50:33', 'admin', 'contacts/companies', '2014-07-01 11:50:33', 'admin', '*', '1', 'E9CD0B2F-0872-4F86-AF2E-EC808032F622', NULL);
INSERT INTO ACCESS_PERMISSION(`ID`,`CREATED_AT`,`CREATED_BY`,`DOMAIN`,`MODIFIED_AT`,`MODIFIED_BY`,`TARGET`,`VERSION`,`GROUP_ID`,`USER_ID`) VALUES('4FF4BBBE-C107-4E4C-9C7E-7D331C935FC6', '2014-07-01 12:22:02', 'admin', 'tasks/today', '2014-07-01 12:22:02', 'admin', 'ownonly', '1', 'E9CD0B2F-0872-4F86-AF2E-EC808032F622', NULL);
INSERT INTO ACCESS_PERMISSION(`ID`,`CREATED_AT`,`CREATED_BY`,`DOMAIN`,`MODIFIED_AT`,`MODIFIED_BY`,`TARGET`,`VERSION`,`GROUP_ID`,`USER_ID`) VALUES('59046268-E508-44A7-9EFE-2CD122CF4600', '2014-07-01 12:25:56', 'admin', 'contacts/sale-points', '2014-07-01 13:22:24', 'admin', '*', '2', '26949D2E-6128-484D-8739-0DFA616804E0', NULL);
INSERT INTO ACCESS_PERMISSION(`ID`,`CREATED_AT`,`CREATED_BY`,`DOMAIN`,`MODIFIED_AT`,`MODIFIED_BY`,`TARGET`,`VERSION`,`GROUP_ID`,`USER_ID`) VALUES('5BCDA76E-D0E8-4BB9-99A7-C1EEAEF8B976', '2014-07-01 13:28:16', 'admin', 'tasks/all', '2014-07-01 13:28:16', 'admin', 'ownonly', '1', '86B5B6BE-5600-4E9B-A5AD-0305E32E06E4', NULL);
INSERT INTO ACCESS_PERMISSION(`ID`,`CREATED_AT`,`CREATED_BY`,`DOMAIN`,`MODIFIED_AT`,`MODIFIED_BY`,`TARGET`,`VERSION`,`GROUP_ID`,`USER_ID`) VALUES('5F678EA1-855C-4ADA-A9CC-FFC5DB3504C1', '2014-07-01 13:22:24', 'admin', 'insurance/bso', '2014-07-01 13:22:24', 'admin', '*', '1', '26949D2E-6128-484D-8739-0DFA616804E0', NULL);
INSERT INTO ACCESS_PERMISSION(`ID`,`CREATED_AT`,`CREATED_BY`,`DOMAIN`,`MODIFIED_AT`,`MODIFIED_BY`,`TARGET`,`VERSION`,`GROUP_ID`,`USER_ID`) VALUES('66C94C5F-EEDB-409A-80B8-978E219C956F', '2014-07-01 13:39:34', 'admin', 'contacts/legal-entities', '2014-07-01 13:39:34', 'admin', 'corporate', '1', '124E4D0F-0E87-4893-8BF0-82AC04FFDD34', NULL);
INSERT INTO ACCESS_PERMISSION(`ID`,`CREATED_AT`,`CREATED_BY`,`DOMAIN`,`MODIFIED_AT`,`MODIFIED_BY`,`TARGET`,`VERSION`,`GROUP_ID`,`USER_ID`) VALUES('69899924-4E11-4639-A4FD-9BB6B2E39039', '2014-07-01 13:39:34', 'admin', 'products/installment', '2014-07-01 13:39:34', 'admin', '*', '1', '124E4D0F-0E87-4893-8BF0-82AC04FFDD34', NULL);
INSERT INTO ACCESS_PERMISSION(`ID`,`CREATED_AT`,`CREATED_BY`,`DOMAIN`,`MODIFIED_AT`,`MODIFIED_BY`,`TARGET`,`VERSION`,`GROUP_ID`,`USER_ID`) VALUES('6A74E29E-8870-45D9-8071-C46068C0C1EA', '2014-07-01 13:39:34', 'admin', 'contacts/companies', '2014-07-01 13:39:34', 'admin', 'corporate', '1', '124E4D0F-0E87-4893-8BF0-82AC04FFDD34', NULL);
INSERT INTO ACCESS_PERMISSION(`ID`,`CREATED_AT`,`CREATED_BY`,`DOMAIN`,`MODIFIED_AT`,`MODIFIED_BY`,`TARGET`,`VERSION`,`GROUP_ID`,`USER_ID`) VALUES('6B6A576C-AE06-4A73-8ADC-95EC59AE55C9', '2014-07-01 13:47:34', 'admin', 'contacts/sale-points', '2014-07-01 13:47:34', 'admin', '*', '1', '439B1DFB-7028-4249-82B0-5015F3886005', NULL);
INSERT INTO ACCESS_PERMISSION(`ID`,`CREATED_AT`,`CREATED_BY`,`DOMAIN`,`MODIFIED_AT`,`MODIFIED_BY`,`TARGET`,`VERSION`,`GROUP_ID`,`USER_ID`) VALUES('6E51925B-2283-4FF5-B79D-C2588E400F1A', '2014-07-01 11:50:33', 'admin', 'tasks/all', '2014-07-01 11:50:33', 'admin', 'ownonly', '1', 'E9CD0B2F-0872-4F86-AF2E-EC808032F622', NULL);
INSERT INTO ACCESS_PERMISSION(`ID`,`CREATED_AT`,`CREATED_BY`,`DOMAIN`,`MODIFIED_AT`,`MODIFIED_BY`,`TARGET`,`VERSION`,`GROUP_ID`,`USER_ID`) VALUES('6E811026-83ED-4135-9B14-429F5553A080', '2014-07-01 13:47:34', 'admin', 'contacts/companies', '2014-07-01 13:47:34', 'admin', '*', '1', '439B1DFB-7028-4249-82B0-5015F3886005', NULL);
INSERT INTO ACCESS_PERMISSION(`ID`,`CREATED_AT`,`CREATED_BY`,`DOMAIN`,`MODIFIED_AT`,`MODIFIED_BY`,`TARGET`,`VERSION`,`GROUP_ID`,`USER_ID`) VALUES('6FFD131C-56AD-463E-BF4A-D7A484AC0D33', '2014-07-01 13:47:34', 'admin', 'products/credit', '2014-07-01 13:47:34', 'admin', '*', '1', '439B1DFB-7028-4249-82B0-5015F3886005', NULL);
INSERT INTO ACCESS_PERMISSION(`ID`,`CREATED_AT`,`CREATED_BY`,`DOMAIN`,`MODIFIED_AT`,`MODIFIED_BY`,`TARGET`,`VERSION`,`GROUP_ID`,`USER_ID`) VALUES('7600A183-4AAF-4AFE-9980-9DA3BDA69A67', '2014-07-01 13:39:34', 'admin', 'tasks/month', '2014-07-01 13:39:34', 'admin', 'corporate', '1', '124E4D0F-0E87-4893-8BF0-82AC04FFDD34', NULL);
INSERT INTO ACCESS_PERMISSION(`ID`,`CREATED_AT`,`CREATED_BY`,`DOMAIN`,`MODIFIED_AT`,`MODIFIED_BY`,`TARGET`,`VERSION`,`GROUP_ID`,`USER_ID`) VALUES('774E6C0A-389D-4F87-9A86-C29BDA8A01C0', '2014-07-01 12:22:02', 'admin', 'dashboard', '2014-07-01 12:22:02', 'admin', '*', '1', 'E9CD0B2F-0872-4F86-AF2E-EC808032F622', NULL);
INSERT INTO ACCESS_PERMISSION(`ID`,`CREATED_AT`,`CREATED_BY`,`DOMAIN`,`MODIFIED_AT`,`MODIFIED_BY`,`TARGET`,`VERSION`,`GROUP_ID`,`USER_ID`) VALUES('7908A1AD-97A4-4C07-A794-12C884C5BF78', '2014-07-01 11:50:33', 'admin', 'leads/qualified', '2014-07-01 11:50:33', 'admin', 'ownonly', '1', 'E9CD0B2F-0872-4F86-AF2E-EC808032F622', NULL);
INSERT INTO ACCESS_PERMISSION(`ID`,`CREATED_AT`,`CREATED_BY`,`DOMAIN`,`MODIFIED_AT`,`MODIFIED_BY`,`TARGET`,`VERSION`,`GROUP_ID`,`USER_ID`) VALUES('7BD10935-4854-46DB-B1DA-F6D25AA9EC2C', '2014-07-01 12:25:56', 'admin', 'dashboard', '2014-07-01 12:25:56', 'admin', '*', '1', '26949D2E-6128-484D-8739-0DFA616804E0', NULL);
INSERT INTO ACCESS_PERMISSION(`ID`,`CREATED_AT`,`CREATED_BY`,`DOMAIN`,`MODIFIED_AT`,`MODIFIED_BY`,`TARGET`,`VERSION`,`GROUP_ID`,`USER_ID`) VALUES('7BDDE03B-3990-4366-89CC-C432BD4B1409', '2014-07-01 13:22:24', 'admin', 'insurance/transfer', '2014-07-01 13:22:24', 'admin', '*', '1', '26949D2E-6128-484D-8739-0DFA616804E0', NULL);
INSERT INTO ACCESS_PERMISSION(`ID`,`CREATED_AT`,`CREATED_BY`,`DOMAIN`,`MODIFIED_AT`,`MODIFIED_BY`,`TARGET`,`VERSION`,`GROUP_ID`,`USER_ID`) VALUES('8058BD13-19C9-4E25-BA93-99952A80360C', '2014-07-01 13:39:34', 'admin', 'products/insurance', '2014-07-01 13:39:34', 'admin', '*', '1', '124E4D0F-0E87-4893-8BF0-82AC04FFDD34', NULL);
INSERT INTO ACCESS_PERMISSION(`ID`,`CREATED_AT`,`CREATED_BY`,`DOMAIN`,`MODIFIED_AT`,`MODIFIED_BY`,`TARGET`,`VERSION`,`GROUP_ID`,`USER_ID`) VALUES('82883221-9C92-4404-B009-F7F2ACBEA000', '2014-07-01 11:50:33', 'admin', 'leads/closed', '2014-07-01 11:50:33', 'admin', 'ownonly', '1', 'E9CD0B2F-0872-4F86-AF2E-EC808032F622', NULL);
INSERT INTO ACCESS_PERMISSION(`ID`,`CREATED_AT`,`CREATED_BY`,`DOMAIN`,`MODIFIED_AT`,`MODIFIED_BY`,`TARGET`,`VERSION`,`GROUP_ID`,`USER_ID`) VALUES('83784A64-B108-43FC-B019-22813B7D13A8', '2014-07-01 11:50:33', 'admin', 'tasks/month', '2014-07-01 11:50:33', 'admin', 'ownonly', '1', 'E9CD0B2F-0872-4F86-AF2E-EC808032F622', NULL);
INSERT INTO ACCESS_PERMISSION(`ID`,`CREATED_AT`,`CREATED_BY`,`DOMAIN`,`MODIFIED_AT`,`MODIFIED_BY`,`TARGET`,`VERSION`,`GROUP_ID`,`USER_ID`) VALUES('84B5A462-9538-420B-AC03-0E30045DC1DC', '2014-07-01 13:28:16', 'admin', 'leads/closed', '2014-07-01 13:28:16', 'admin', 'sale-point', '1', '86B5B6BE-5600-4E9B-A5AD-0305E32E06E4', NULL);
INSERT INTO ACCESS_PERMISSION(`ID`,`CREATED_AT`,`CREATED_BY`,`DOMAIN`,`MODIFIED_AT`,`MODIFIED_BY`,`TARGET`,`VERSION`,`GROUP_ID`,`USER_ID`) VALUES('85F6CE8D-5733-46E6-A95F-4C043EE8E53B', '2014-07-01 12:22:02', 'admin', 'products/insurance', '2014-07-01 12:22:02', 'admin', '*', '1', 'E9CD0B2F-0872-4F86-AF2E-EC808032F622', NULL);
INSERT INTO ACCESS_PERMISSION(`ID`,`CREATED_AT`,`CREATED_BY`,`DOMAIN`,`MODIFIED_AT`,`MODIFIED_BY`,`TARGET`,`VERSION`,`GROUP_ID`,`USER_ID`) VALUES('863BF6B0-C47D-447B-B2C0-F02BB4D8ECA6', '2014-07-01 12:25:56', 'admin', 'products/installment', '2014-07-01 13:22:24', 'admin', '*', '2', '26949D2E-6128-484D-8739-0DFA616804E0', NULL);
INSERT INTO ACCESS_PERMISSION(`ID`,`CREATED_AT`,`CREATED_BY`,`DOMAIN`,`MODIFIED_AT`,`MODIFIED_BY`,`TARGET`,`VERSION`,`GROUP_ID`,`USER_ID`) VALUES('885828A7-CD73-419F-BEE2-0C99AA157E6C', '2014-07-01 13:39:34', 'admin', 'products/credit', '2014-07-01 13:39:34', 'admin', '*', '1', '124E4D0F-0E87-4893-8BF0-82AC04FFDD34', NULL);
INSERT INTO ACCESS_PERMISSION(`ID`,`CREATED_AT`,`CREATED_BY`,`DOMAIN`,`MODIFIED_AT`,`MODIFIED_BY`,`TARGET`,`VERSION`,`GROUP_ID`,`USER_ID`) VALUES('88D57BBE-AD21-487B-B41A-70B823377F90', '2014-07-01 13:28:16', 'admin', 'sales/opened', '2014-07-01 13:28:16', 'admin', 'sale-point', '1', '86B5B6BE-5600-4E9B-A5AD-0305E32E06E4', NULL);
INSERT INTO ACCESS_PERMISSION(`ID`,`CREATED_AT`,`CREATED_BY`,`DOMAIN`,`MODIFIED_AT`,`MODIFIED_BY`,`TARGET`,`VERSION`,`GROUP_ID`,`USER_ID`) VALUES('89450825-161E-41C8-86F9-9D764EA3B780', '2014-07-01 12:25:56', 'admin', 'sales/successful', '2014-07-01 13:22:24', 'admin', '*', '2', '26949D2E-6128-484D-8739-0DFA616804E0', NULL);
INSERT INTO ACCESS_PERMISSION(`ID`,`CREATED_AT`,`CREATED_BY`,`DOMAIN`,`MODIFIED_AT`,`MODIFIED_BY`,`TARGET`,`VERSION`,`GROUP_ID`,`USER_ID`) VALUES('8A8C5C05-2A25-440B-9655-9E1E7D7A3FEA', '2014-07-01 13:28:16', 'admin', 'products/insurance', '2014-07-01 13:28:16', 'admin', '*', '1', '86B5B6BE-5600-4E9B-A5AD-0305E32E06E4', NULL);
INSERT INTO ACCESS_PERMISSION(`ID`,`CREATED_AT`,`CREATED_BY`,`DOMAIN`,`MODIFIED_AT`,`MODIFIED_BY`,`TARGET`,`VERSION`,`GROUP_ID`,`USER_ID`) VALUES('8B9A1E44-1376-40D0-9D47-9501656D0DED', '2014-07-01 11:50:33', 'admin', 'tasks/week', '2014-07-01 11:50:33', 'admin', 'ownonly', '1', 'E9CD0B2F-0872-4F86-AF2E-EC808032F622', NULL);
INSERT INTO ACCESS_PERMISSION(`ID`,`CREATED_AT`,`CREATED_BY`,`DOMAIN`,`MODIFIED_AT`,`MODIFIED_BY`,`TARGET`,`VERSION`,`GROUP_ID`,`USER_ID`) VALUES('8D4FFFE0-02A5-485A-BCA9-C305C17340DC', '2014-07-01 13:47:34', 'admin', 'leads/new', '2014-07-01 13:47:34', 'admin', '*', '1', '439B1DFB-7028-4249-82B0-5015F3886005', NULL);
INSERT INTO ACCESS_PERMISSION(`ID`,`CREATED_AT`,`CREATED_BY`,`DOMAIN`,`MODIFIED_AT`,`MODIFIED_BY`,`TARGET`,`VERSION`,`GROUP_ID`,`USER_ID`) VALUES('8E13D6EA-A1C7-4593-9CC2-2820DA2B4E12', '2014-07-01 12:25:56', 'admin', 'insurance/property', '2014-07-01 13:22:24', 'admin', '*', '2', '26949D2E-6128-484D-8739-0DFA616804E0', NULL);
INSERT INTO ACCESS_PERMISSION(`ID`,`CREATED_AT`,`CREATED_BY`,`DOMAIN`,`MODIFIED_AT`,`MODIFIED_BY`,`TARGET`,`VERSION`,`GROUP_ID`,`USER_ID`) VALUES('8E1747B4-7C2E-48C4-8023-156F5264A3DA', '2014-07-01 13:28:16', 'admin', 'contacts/persons', '2014-07-01 13:28:16', 'admin', 'sale-point', '1', '86B5B6BE-5600-4E9B-A5AD-0305E32E06E4', NULL);
INSERT INTO ACCESS_PERMISSION(`ID`,`CREATED_AT`,`CREATED_BY`,`DOMAIN`,`MODIFIED_AT`,`MODIFIED_BY`,`TARGET`,`VERSION`,`GROUP_ID`,`USER_ID`) VALUES('8F2C03F1-B1F3-48B9-A21D-0EBA896372C0', '2014-07-01 13:28:16', 'admin', 'dashboard', '2014-07-01 13:28:16', 'admin', '*', '1', '86B5B6BE-5600-4E9B-A5AD-0305E32E06E4', NULL);
INSERT INTO ACCESS_PERMISSION(`ID`,`CREATED_AT`,`CREATED_BY`,`DOMAIN`,`MODIFIED_AT`,`MODIFIED_BY`,`TARGET`,`VERSION`,`GROUP_ID`,`USER_ID`) VALUES('8FC269BA-D22F-4C6F-9ED6-1F74E35768E6', '2014-07-01 13:28:16', 'admin', 'tasks/month', '2014-07-01 13:28:16', 'admin', 'ownonly', '1', '86B5B6BE-5600-4E9B-A5AD-0305E32E06E4', NULL);
INSERT INTO ACCESS_PERMISSION(`ID`,`CREATED_AT`,`CREATED_BY`,`DOMAIN`,`MODIFIED_AT`,`MODIFIED_BY`,`TARGET`,`VERSION`,`GROUP_ID`,`USER_ID`) VALUES('90A30AC2-54E0-4489-9413-1AF72F7EC089', '2014-07-01 13:28:16', 'admin', 'contacts/companies', '2014-07-01 13:28:16', 'admin', 'sale-point', '1', '86B5B6BE-5600-4E9B-A5AD-0305E32E06E4', NULL);
INSERT INTO ACCESS_PERMISSION(`ID`,`CREATED_AT`,`CREATED_BY`,`DOMAIN`,`MODIFIED_AT`,`MODIFIED_BY`,`TARGET`,`VERSION`,`GROUP_ID`,`USER_ID`) VALUES('92B9D936-5E3F-4404-961A-8EC82994EB2C', '2014-07-01 12:25:56', 'admin', 'leads/qualified', '2014-07-01 13:22:24', 'admin', 'corporate', '2', '26949D2E-6128-484D-8739-0DFA616804E0', NULL);
INSERT INTO ACCESS_PERMISSION(`ID`,`CREATED_AT`,`CREATED_BY`,`DOMAIN`,`MODIFIED_AT`,`MODIFIED_BY`,`TARGET`,`VERSION`,`GROUP_ID`,`USER_ID`) VALUES('9495E6FC-8C7A-47CD-A581-ADCD0F58125F', '2014-07-01 13:39:34', 'admin', 'dashboard', '2014-07-01 13:39:34', 'admin', '*', '1', '124E4D0F-0E87-4893-8BF0-82AC04FFDD34', NULL);
INSERT INTO ACCESS_PERMISSION(`ID`,`CREATED_AT`,`CREATED_BY`,`DOMAIN`,`MODIFIED_AT`,`MODIFIED_BY`,`TARGET`,`VERSION`,`GROUP_ID`,`USER_ID`) VALUES('9620097C-6570-4D5F-8AE1-89C6AC71EA66', '2014-07-01 12:25:56', 'admin', 'products/insurance', '2014-07-01 13:22:24', 'admin', '*', '2', '26949D2E-6128-484D-8739-0DFA616804E0', NULL);
INSERT INTO ACCESS_PERMISSION(`ID`,`CREATED_AT`,`CREATED_BY`,`DOMAIN`,`MODIFIED_AT`,`MODIFIED_BY`,`TARGET`,`VERSION`,`GROUP_ID`,`USER_ID`) VALUES('981167F1-5733-46FB-B777-25ADDA04D7D4', '2014-07-01 13:47:34', 'admin', 'leads/closed', '2014-07-01 13:47:34', 'admin', '*', '1', '439B1DFB-7028-4249-82B0-5015F3886005', NULL);
INSERT INTO ACCESS_PERMISSION(`ID`,`CREATED_AT`,`CREATED_BY`,`DOMAIN`,`MODIFIED_AT`,`MODIFIED_BY`,`TARGET`,`VERSION`,`GROUP_ID`,`USER_ID`) VALUES('9A89EEBD-E3A8-4641-80FD-30191B80C6D2', '2014-07-01 12:25:56', 'admin', 'contacts/persons', '2014-07-01 13:22:24', 'admin', '*', '2', '26949D2E-6128-484D-8739-0DFA616804E0', NULL);
INSERT INTO ACCESS_PERMISSION(`ID`,`CREATED_AT`,`CREATED_BY`,`DOMAIN`,`MODIFIED_AT`,`MODIFIED_BY`,`TARGET`,`VERSION`,`GROUP_ID`,`USER_ID`) VALUES('9E9B69B6-8696-4A58-8A5B-5EFA905C3E98', '2014-07-01 13:39:34', 'admin', 'leads/new', '2014-07-01 13:39:34', 'admin', 'corporate', '1', '124E4D0F-0E87-4893-8BF0-82AC04FFDD34', NULL);
INSERT INTO ACCESS_PERMISSION(`ID`,`CREATED_AT`,`CREATED_BY`,`DOMAIN`,`MODIFIED_AT`,`MODIFIED_BY`,`TARGET`,`VERSION`,`GROUP_ID`,`USER_ID`) VALUES('9F94253D-EBF6-456B-A52A-43BA413D7694', '2014-06-30 23:21:22', 'admin', 'contacts/legal-entities', '2014-06-30 23:21:22', 'admin', '*', '1', 'E9CD0B2F-0872-4F86-AF2E-EC808032F622', NULL);
INSERT INTO ACCESS_PERMISSION(`ID`,`CREATED_AT`,`CREATED_BY`,`DOMAIN`,`MODIFIED_AT`,`MODIFIED_BY`,`TARGET`,`VERSION`,`GROUP_ID`,`USER_ID`) VALUES('A0C4A9CB-94A4-4135-9021-AC8F3E53DA91', '2014-07-01 12:25:56', 'admin', 'contacts/companies', '2014-07-01 12:25:56', 'admin', '*', '1', '26949D2E-6128-484D-8739-0DFA616804E0', NULL);
INSERT INTO ACCESS_PERMISSION(`ID`,`CREATED_AT`,`CREATED_BY`,`DOMAIN`,`MODIFIED_AT`,`MODIFIED_BY`,`TARGET`,`VERSION`,`GROUP_ID`,`USER_ID`) VALUES('A2407C72-6A6E-496B-9620-3BCEED63DFF3', '2014-07-01 13:39:34', 'admin', 'insurance/property', '2014-07-01 13:39:34', 'admin', 'corporate', '1', '124E4D0F-0E87-4893-8BF0-82AC04FFDD34', NULL);
INSERT INTO ACCESS_PERMISSION(`ID`,`CREATED_AT`,`CREATED_BY`,`DOMAIN`,`MODIFIED_AT`,`MODIFIED_BY`,`TARGET`,`VERSION`,`GROUP_ID`,`USER_ID`) VALUES('A2683685-98AC-4C0A-8B70-DA87885E8FAF', '2014-07-01 12:22:02', 'admin', 'insurance/property', '2014-07-01 12:22:02', 'admin', '*', '1', 'E9CD0B2F-0872-4F86-AF2E-EC808032F622', NULL);
INSERT INTO ACCESS_PERMISSION(`ID`,`CREATED_AT`,`CREATED_BY`,`DOMAIN`,`MODIFIED_AT`,`MODIFIED_BY`,`TARGET`,`VERSION`,`GROUP_ID`,`USER_ID`) VALUES('A66B1C04-9F43-4055-91D0-2E0C0CC777AD', '2014-07-01 13:47:34', 'admin', 'products/insurance', '2014-07-01 13:47:34', 'admin', '*', '1', '439B1DFB-7028-4249-82B0-5015F3886005', NULL);
INSERT INTO ACCESS_PERMISSION(`ID`,`CREATED_AT`,`CREATED_BY`,`DOMAIN`,`MODIFIED_AT`,`MODIFIED_BY`,`TARGET`,`VERSION`,`GROUP_ID`,`USER_ID`) VALUES('A72ACF60-52AC-4C9C-BC00-3D45B703A6B6', '2014-07-01 13:39:34', 'admin', 'insurance/a7', '2014-07-01 13:39:34', 'admin', 'ownonly', '1', '124E4D0F-0E87-4893-8BF0-82AC04FFDD34', NULL);
INSERT INTO ACCESS_PERMISSION(`ID`,`CREATED_AT`,`CREATED_BY`,`DOMAIN`,`MODIFIED_AT`,`MODIFIED_BY`,`TARGET`,`VERSION`,`GROUP_ID`,`USER_ID`) VALUES('A8774403-B56A-4741-8A97-DA62E8C9A0D4', '2014-07-01 13:39:34', 'admin', 'tasks/today', '2014-07-01 13:39:34', 'admin', 'corporate', '1', '124E4D0F-0E87-4893-8BF0-82AC04FFDD34', NULL);
INSERT INTO ACCESS_PERMISSION(`ID`,`CREATED_AT`,`CREATED_BY`,`DOMAIN`,`MODIFIED_AT`,`MODIFIED_BY`,`TARGET`,`VERSION`,`GROUP_ID`,`USER_ID`) VALUES('B2FFA620-81F8-4A99-A66A-B1F2F0D26187', '2014-07-01 13:39:34', 'admin', 'tasks/week', '2014-07-01 13:39:34', 'admin', 'corporate', '1', '124E4D0F-0E87-4893-8BF0-82AC04FFDD34', NULL);
INSERT INTO ACCESS_PERMISSION(`ID`,`CREATED_AT`,`CREATED_BY`,`DOMAIN`,`MODIFIED_AT`,`MODIFIED_BY`,`TARGET`,`VERSION`,`GROUP_ID`,`USER_ID`) VALUES('B3B1F342-CD4C-4BE4-8176-B50262738486', '2014-07-01 13:28:16', 'admin', 'contacts/sale-points', '2014-07-01 13:28:16', 'admin', 'sale-point', '1', '86B5B6BE-5600-4E9B-A5AD-0305E32E06E4', NULL);
INSERT INTO ACCESS_PERMISSION(`ID`,`CREATED_AT`,`CREATED_BY`,`DOMAIN`,`MODIFIED_AT`,`MODIFIED_BY`,`TARGET`,`VERSION`,`GROUP_ID`,`USER_ID`) VALUES('B3B36790-2FCB-4944-BC64-76BAE2F6D56F', '2014-07-01 12:25:56', 'admin', 'leads/new', '2014-07-01 13:22:24', 'admin', 'corporate', '2', '26949D2E-6128-484D-8739-0DFA616804E0', NULL);
INSERT INTO ACCESS_PERMISSION(`ID`,`CREATED_AT`,`CREATED_BY`,`DOMAIN`,`MODIFIED_AT`,`MODIFIED_BY`,`TARGET`,`VERSION`,`GROUP_ID`,`USER_ID`) VALUES('B608771F-1505-405E-89D6-F019459B6A96', '2014-07-01 13:28:16', 'admin', 'sales/successful', '2014-07-01 13:28:16', 'admin', 'sale-point', '1', '86B5B6BE-5600-4E9B-A5AD-0305E32E06E4', NULL);
INSERT INTO ACCESS_PERMISSION(`ID`,`CREATED_AT`,`CREATED_BY`,`DOMAIN`,`MODIFIED_AT`,`MODIFIED_BY`,`TARGET`,`VERSION`,`GROUP_ID`,`USER_ID`) VALUES('B6AACCB9-9988-46C7-8912-E33BAACB99E7', '2014-07-01 13:28:16', 'admin', 'insurance/a7', '2014-07-01 13:28:16', 'admin', 'ownonly', '1', '86B5B6BE-5600-4E9B-A5AD-0305E32E06E4', NULL);
INSERT INTO ACCESS_PERMISSION(`ID`,`CREATED_AT`,`CREATED_BY`,`DOMAIN`,`MODIFIED_AT`,`MODIFIED_BY`,`TARGET`,`VERSION`,`GROUP_ID`,`USER_ID`) VALUES('B86181CA-98C9-4E59-ACE7-5D0C5EF613BF', '2014-07-01 13:47:34', 'admin', 'contacts/legal-entities', '2014-07-01 13:47:34', 'admin', '*', '1', '439B1DFB-7028-4249-82B0-5015F3886005', NULL);
INSERT INTO ACCESS_PERMISSION(`ID`,`CREATED_AT`,`CREATED_BY`,`DOMAIN`,`MODIFIED_AT`,`MODIFIED_BY`,`TARGET`,`VERSION`,`GROUP_ID`,`USER_ID`) VALUES('BEC91765-F59D-447B-9EB7-60038B4692E5', '2014-07-01 12:25:56', 'admin', 'tasks/all', '2014-07-01 13:22:24', 'admin', 'corporate', '2', '26949D2E-6128-484D-8739-0DFA616804E0', NULL);
INSERT INTO ACCESS_PERMISSION(`ID`,`CREATED_AT`,`CREATED_BY`,`DOMAIN`,`MODIFIED_AT`,`MODIFIED_BY`,`TARGET`,`VERSION`,`GROUP_ID`,`USER_ID`) VALUES('C0AB3C7E-BA6A-42DC-8746-A4AC75060EF1', '2014-07-01 11:50:33', 'admin', 'sales/opened', '2014-07-01 11:50:33', 'admin', 'ownonly', '1', 'E9CD0B2F-0872-4F86-AF2E-EC808032F622', NULL);
INSERT INTO ACCESS_PERMISSION(`ID`,`CREATED_AT`,`CREATED_BY`,`DOMAIN`,`MODIFIED_AT`,`MODIFIED_BY`,`TARGET`,`VERSION`,`GROUP_ID`,`USER_ID`) VALUES('C4637B6F-678D-4D92-9253-09398798CAA5', '2014-07-01 12:22:02', 'admin', 'insurance/a7', '2014-07-01 12:22:02', 'admin', 'ownonly', '1', 'E9CD0B2F-0872-4F86-AF2E-EC808032F622', NULL);
INSERT INTO ACCESS_PERMISSION(`ID`,`CREATED_AT`,`CREATED_BY`,`DOMAIN`,`MODIFIED_AT`,`MODIFIED_BY`,`TARGET`,`VERSION`,`GROUP_ID`,`USER_ID`) VALUES('C805DF21-7646-4C21-9115-325C0C3AA7E2', '2014-07-01 13:47:34', 'admin', 'products/installment', '2014-07-01 13:47:34', 'admin', '*', '1', '439B1DFB-7028-4249-82B0-5015F3886005', NULL);
INSERT INTO ACCESS_PERMISSION(`ID`,`CREATED_AT`,`CREATED_BY`,`DOMAIN`,`MODIFIED_AT`,`MODIFIED_BY`,`TARGET`,`VERSION`,`GROUP_ID`,`USER_ID`) VALUES('C8BA5B86-1038-4483-A09A-558059998DA2', '2014-07-01 13:39:34', 'admin', 'contacts/sale-points', '2014-07-01 13:39:34', 'admin', 'corporate', '1', '124E4D0F-0E87-4893-8BF0-82AC04FFDD34', NULL);
INSERT INTO ACCESS_PERMISSION(`ID`,`CREATED_AT`,`CREATED_BY`,`DOMAIN`,`MODIFIED_AT`,`MODIFIED_BY`,`TARGET`,`VERSION`,`GROUP_ID`,`USER_ID`) VALUES('CF8F6991-9395-431B-9F8F-41026714DA8C', '2014-07-01 13:39:34', 'admin', 'leads/qualified', '2014-07-01 13:39:34', 'admin', 'corporate', '1', '124E4D0F-0E87-4893-8BF0-82AC04FFDD34', NULL);
INSERT INTO ACCESS_PERMISSION(`ID`,`CREATED_AT`,`CREATED_BY`,`DOMAIN`,`MODIFIED_AT`,`MODIFIED_BY`,`TARGET`,`VERSION`,`GROUP_ID`,`USER_ID`) VALUES('CFB89C08-49F4-472C-A280-C60972C30033', '2014-07-01 12:25:56', 'admin', 'tasks/today', '2014-07-01 13:16:16', 'admin', 'corporate', '2', '26949D2E-6128-484D-8739-0DFA616804E0', NULL);
INSERT INTO ACCESS_PERMISSION(`ID`,`CREATED_AT`,`CREATED_BY`,`DOMAIN`,`MODIFIED_AT`,`MODIFIED_BY`,`TARGET`,`VERSION`,`GROUP_ID`,`USER_ID`) VALUES('D7B846F9-1687-446E-B9B9-45FC93993859', '2014-07-01 12:25:56', 'admin', 'insurance/a7', '2014-07-01 13:22:24', 'admin', '*', '2', '26949D2E-6128-484D-8739-0DFA616804E0', NULL);
INSERT INTO ACCESS_PERMISSION(`ID`,`CREATED_AT`,`CREATED_BY`,`DOMAIN`,`MODIFIED_AT`,`MODIFIED_BY`,`TARGET`,`VERSION`,`GROUP_ID`,`USER_ID`) VALUES('D904B413-0679-4DAE-9E06-41B178082017', '2014-07-01 12:25:56', 'admin', 'products/credit', '2014-07-01 13:22:24', 'admin', '*', '2', '26949D2E-6128-484D-8739-0DFA616804E0', NULL);
INSERT INTO ACCESS_PERMISSION(`ID`,`CREATED_AT`,`CREATED_BY`,`DOMAIN`,`MODIFIED_AT`,`MODIFIED_BY`,`TARGET`,`VERSION`,`GROUP_ID`,`USER_ID`) VALUES('DEA6D4D5-D610-4EF1-9699-024382F16364', '2014-07-01 11:50:33', 'admin', 'contacts/persons', '2014-07-01 11:50:33', 'admin', '*', '1', 'E9CD0B2F-0872-4F86-AF2E-EC808032F622', NULL);
INSERT INTO ACCESS_PERMISSION(`ID`,`CREATED_AT`,`CREATED_BY`,`DOMAIN`,`MODIFIED_AT`,`MODIFIED_BY`,`TARGET`,`VERSION`,`GROUP_ID`,`USER_ID`) VALUES('DF5EF056-287D-47BB-9E16-AECA3D5FA5DE', '2014-07-01 13:28:16', 'admin', 'sales/canseled', '2014-07-01 13:28:16', 'admin', 'sale-point', '1', '86B5B6BE-5600-4E9B-A5AD-0305E32E06E4', NULL);
INSERT INTO ACCESS_PERMISSION(`ID`,`CREATED_AT`,`CREATED_BY`,`DOMAIN`,`MODIFIED_AT`,`MODIFIED_BY`,`TARGET`,`VERSION`,`GROUP_ID`,`USER_ID`) VALUES('E234485B-8993-4FBC-A9CC-A9485A6EBD37', '2014-07-01 13:28:16', 'admin', 'leads/qualified', '2014-07-01 13:28:16', 'admin', 'sale-point', '1', '86B5B6BE-5600-4E9B-A5AD-0305E32E06E4', NULL);
INSERT INTO ACCESS_PERMISSION(`ID`,`CREATED_AT`,`CREATED_BY`,`DOMAIN`,`MODIFIED_AT`,`MODIFIED_BY`,`TARGET`,`VERSION`,`GROUP_ID`,`USER_ID`) VALUES('E429F30C-A305-4589-A29E-E4913AE25AAF', '2014-07-01 13:47:34', 'admin', 'sales/canseled', '2014-07-01 13:47:34', 'admin', '*', '1', '439B1DFB-7028-4249-82B0-5015F3886005', NULL);
INSERT INTO ACCESS_PERMISSION(`ID`,`CREATED_AT`,`CREATED_BY`,`DOMAIN`,`MODIFIED_AT`,`MODIFIED_BY`,`TARGET`,`VERSION`,`GROUP_ID`,`USER_ID`) VALUES('E44EEF93-4EBD-45BB-BE96-B42A10F5F94E', '2014-07-01 13:39:34', 'admin', 'sales/canseled', '2014-07-01 13:39:34', 'admin', 'corporate', '1', '124E4D0F-0E87-4893-8BF0-82AC04FFDD34', NULL);
INSERT INTO ACCESS_PERMISSION(`ID`,`CREATED_AT`,`CREATED_BY`,`DOMAIN`,`MODIFIED_AT`,`MODIFIED_BY`,`TARGET`,`VERSION`,`GROUP_ID`,`USER_ID`) VALUES('EB976986-B928-4531-BB87-A5289F01AEB5', '2014-07-01 13:39:34', 'admin', 'sales/opened', '2014-07-01 13:39:34', 'admin', 'corporate', '1', '124E4D0F-0E87-4893-8BF0-82AC04FFDD34', NULL);
INSERT INTO ACCESS_PERMISSION(`ID`,`CREATED_AT`,`CREATED_BY`,`DOMAIN`,`MODIFIED_AT`,`MODIFIED_BY`,`TARGET`,`VERSION`,`GROUP_ID`,`USER_ID`) VALUES('F6A26983-8034-420C-ADBB-E51A7188112E', '2014-07-01 13:39:34', 'admin', 'contacts/persons', '2014-07-01 13:39:34', 'admin', 'corporate', '1', '124E4D0F-0E87-4893-8BF0-82AC04FFDD34', NULL);
INSERT INTO ACCESS_PERMISSION(`ID`,`CREATED_AT`,`CREATED_BY`,`DOMAIN`,`MODIFIED_AT`,`MODIFIED_BY`,`TARGET`,`VERSION`,`GROUP_ID`,`USER_ID`) VALUES('F965E182-AD48-4B16-9FFC-77774505EE59', '2014-07-01 12:25:56', 'admin', 'contacts/legal-entities', '2014-07-01 13:22:24', 'admin', '*', '2', '26949D2E-6128-484D-8739-0DFA616804E0', NULL);

# Данные действий в рамках правил доступа
INSERT INTO ACCESS_PERMISSION_ACTION(ExtaPermission_ID, ACTIONS) VALUES('9F94253D-EBF6-456B-A52A-43BA413D7694', '0');
INSERT INTO ACCESS_PERMISSION_ACTION(ExtaPermission_ID, ACTIONS) VALUES('188A0E7E-2009-4923-AD5B-918508966FE6', '0');
INSERT INTO ACCESS_PERMISSION_ACTION(ExtaPermission_ID, ACTIONS) VALUES('188A0E7E-2009-4923-AD5B-918508966FE6', '2');
INSERT INTO ACCESS_PERMISSION_ACTION(ExtaPermission_ID, ACTIONS) VALUES('188A0E7E-2009-4923-AD5B-918508966FE6', '1');
INSERT INTO ACCESS_PERMISSION_ACTION(ExtaPermission_ID, ACTIONS) VALUES('11E79274-742C-478C-BDC2-1D931D42426C', '0');
INSERT INTO ACCESS_PERMISSION_ACTION(ExtaPermission_ID, ACTIONS) VALUES('4D7B71D2-672F-4647-9800-FE44EDBAE246', '0');
INSERT INTO ACCESS_PERMISSION_ACTION(ExtaPermission_ID, ACTIONS) VALUES('3228FFD6-FF9A-4EFF-9029-B9FAAA37530C', '2');
INSERT INTO ACCESS_PERMISSION_ACTION(ExtaPermission_ID, ACTIONS) VALUES('3228FFD6-FF9A-4EFF-9029-B9FAAA37530C', '1');
INSERT INTO ACCESS_PERMISSION_ACTION(ExtaPermission_ID, ACTIONS) VALUES('3228FFD6-FF9A-4EFF-9029-B9FAAA37530C', '0');
INSERT INTO ACCESS_PERMISSION_ACTION(ExtaPermission_ID, ACTIONS) VALUES('83784A64-B108-43FC-B019-22813B7D13A8', '4');
INSERT INTO ACCESS_PERMISSION_ACTION(ExtaPermission_ID, ACTIONS) VALUES('7908A1AD-97A4-4C07-A794-12C884C5BF78', '2');
INSERT INTO ACCESS_PERMISSION_ACTION(ExtaPermission_ID, ACTIONS) VALUES('7908A1AD-97A4-4C07-A794-12C884C5BF78', '1');
INSERT INTO ACCESS_PERMISSION_ACTION(ExtaPermission_ID, ACTIONS) VALUES('7908A1AD-97A4-4C07-A794-12C884C5BF78', '0');
INSERT INTO ACCESS_PERMISSION_ACTION(ExtaPermission_ID, ACTIONS) VALUES('10A9B7F7-CF54-4E11-8CC0-8103D3E36E4D', '0');
INSERT INTO ACCESS_PERMISSION_ACTION(ExtaPermission_ID, ACTIONS) VALUES('4E413746-1067-4638-8F7C-CCCCE1CA4D8B', '4');
INSERT INTO ACCESS_PERMISSION_ACTION(ExtaPermission_ID, ACTIONS) VALUES('6E51925B-2283-4FF5-B79D-C2588E400F1A', '4');
INSERT INTO ACCESS_PERMISSION_ACTION(ExtaPermission_ID, ACTIONS) VALUES('82883221-9C92-4404-B009-F7F2ACBEA000', '2');
INSERT INTO ACCESS_PERMISSION_ACTION(ExtaPermission_ID, ACTIONS) VALUES('82883221-9C92-4404-B009-F7F2ACBEA000', '1');
INSERT INTO ACCESS_PERMISSION_ACTION(ExtaPermission_ID, ACTIONS) VALUES('82883221-9C92-4404-B009-F7F2ACBEA000', '0');
INSERT INTO ACCESS_PERMISSION_ACTION(ExtaPermission_ID, ACTIONS) VALUES('DEA6D4D5-D610-4EF1-9699-024382F16364', '2');
INSERT INTO ACCESS_PERMISSION_ACTION(ExtaPermission_ID, ACTIONS) VALUES('DEA6D4D5-D610-4EF1-9699-024382F16364', '1');
INSERT INTO ACCESS_PERMISSION_ACTION(ExtaPermission_ID, ACTIONS) VALUES('DEA6D4D5-D610-4EF1-9699-024382F16364', '0');
INSERT INTO ACCESS_PERMISSION_ACTION(ExtaPermission_ID, ACTIONS) VALUES('8B9A1E44-1376-40D0-9D47-9501656D0DED', '4');
INSERT INTO ACCESS_PERMISSION_ACTION(ExtaPermission_ID, ACTIONS) VALUES('C0AB3C7E-BA6A-42DC-8746-A4AC75060EF1', '2');
INSERT INTO ACCESS_PERMISSION_ACTION(ExtaPermission_ID, ACTIONS) VALUES('C0AB3C7E-BA6A-42DC-8746-A4AC75060EF1', '1');
INSERT INTO ACCESS_PERMISSION_ACTION(ExtaPermission_ID, ACTIONS) VALUES('C0AB3C7E-BA6A-42DC-8746-A4AC75060EF1', '0');
INSERT INTO ACCESS_PERMISSION_ACTION(ExtaPermission_ID, ACTIONS) VALUES('30B0F599-F8A9-4E17-952E-4EBB736B8422', '2');
INSERT INTO ACCESS_PERMISSION_ACTION(ExtaPermission_ID, ACTIONS) VALUES('30B0F599-F8A9-4E17-952E-4EBB736B8422', '1');
INSERT INTO ACCESS_PERMISSION_ACTION(ExtaPermission_ID, ACTIONS) VALUES('30B0F599-F8A9-4E17-952E-4EBB736B8422', '0');
INSERT INTO ACCESS_PERMISSION_ACTION(ExtaPermission_ID, ACTIONS) VALUES('774E6C0A-389D-4F87-9A86-C29BDA8A01C0', '4');
INSERT INTO ACCESS_PERMISSION_ACTION(ExtaPermission_ID, ACTIONS) VALUES('C4637B6F-678D-4D92-9253-09398798CAA5', '4');
INSERT INTO ACCESS_PERMISSION_ACTION(ExtaPermission_ID, ACTIONS) VALUES('85F6CE8D-5733-46E6-A95F-4C043EE8E53B', '0');
INSERT INTO ACCESS_PERMISSION_ACTION(ExtaPermission_ID, ACTIONS) VALUES('4FF4BBBE-C107-4E4C-9C7E-7D331C935FC6', '4');
INSERT INTO ACCESS_PERMISSION_ACTION(ExtaPermission_ID, ACTIONS) VALUES('A2683685-98AC-4C0A-8B70-DA87885E8FAF', '2');
INSERT INTO ACCESS_PERMISSION_ACTION(ExtaPermission_ID, ACTIONS) VALUES('A2683685-98AC-4C0A-8B70-DA87885E8FAF', '1');
INSERT INTO ACCESS_PERMISSION_ACTION(ExtaPermission_ID, ACTIONS) VALUES('A2683685-98AC-4C0A-8B70-DA87885E8FAF', '0');
INSERT INTO ACCESS_PERMISSION_ACTION(ExtaPermission_ID, ACTIONS) VALUES('A0C4A9CB-94A4-4135-9021-AC8F3E53DA91', '4');
INSERT INTO ACCESS_PERMISSION_ACTION(ExtaPermission_ID, ACTIONS) VALUES('D7B846F9-1687-446E-B9B9-45FC93993859', '4');
INSERT INTO ACCESS_PERMISSION_ACTION(ExtaPermission_ID, ACTIONS) VALUES('CFB89C08-49F4-472C-A280-C60972C30033', '4');
INSERT INTO ACCESS_PERMISSION_ACTION(ExtaPermission_ID, ACTIONS) VALUES('BEC91765-F59D-447B-9EB7-60038B4692E5', '4');
INSERT INTO ACCESS_PERMISSION_ACTION(ExtaPermission_ID, ACTIONS) VALUES('0A4C3BC1-C1A1-4E1C-B092-8A18637C5AC5', '4');
INSERT INTO ACCESS_PERMISSION_ACTION(ExtaPermission_ID, ACTIONS) VALUES('18A40B5B-3F26-43FA-BD3B-EAF11E0482DE', '4');
INSERT INTO ACCESS_PERMISSION_ACTION(ExtaPermission_ID, ACTIONS) VALUES('7BD10935-4854-46DB-B1DA-F6D25AA9EC2C', '4');
INSERT INTO ACCESS_PERMISSION_ACTION(ExtaPermission_ID, ACTIONS) VALUES('1CDC06B5-4735-4F0D-9FDB-EBA1F64DB320', '4');
INSERT INTO ACCESS_PERMISSION_ACTION(ExtaPermission_ID, ACTIONS) VALUES('390034B8-4394-4CA9-AD2D-CA6F76F18C1A', '4');
INSERT INTO ACCESS_PERMISSION_ACTION(ExtaPermission_ID, ACTIONS) VALUES('4E2502FD-167D-4FD1-AAC4-976FA8FB3056', '4');
INSERT INTO ACCESS_PERMISSION_ACTION(ExtaPermission_ID, ACTIONS) VALUES('59046268-E508-44A7-9EFE-2CD122CF4600', '4');
INSERT INTO ACCESS_PERMISSION_ACTION(ExtaPermission_ID, ACTIONS) VALUES('863BF6B0-C47D-447B-B2C0-F02BB4D8ECA6', '4');
INSERT INTO ACCESS_PERMISSION_ACTION(ExtaPermission_ID, ACTIONS) VALUES('89450825-161E-41C8-86F9-9D764EA3B780', '4');
INSERT INTO ACCESS_PERMISSION_ACTION(ExtaPermission_ID, ACTIONS) VALUES('8E13D6EA-A1C7-4593-9CC2-2820DA2B4E12', '4');
INSERT INTO ACCESS_PERMISSION_ACTION(ExtaPermission_ID, ACTIONS) VALUES('92B9D936-5E3F-4404-961A-8EC82994EB2C', '4');
INSERT INTO ACCESS_PERMISSION_ACTION(ExtaPermission_ID, ACTIONS) VALUES('9620097C-6570-4D5F-8AE1-89C6AC71EA66', '4');
INSERT INTO ACCESS_PERMISSION_ACTION(ExtaPermission_ID, ACTIONS) VALUES('9A89EEBD-E3A8-4641-80FD-30191B80C6D2', '4');
INSERT INTO ACCESS_PERMISSION_ACTION(ExtaPermission_ID, ACTIONS) VALUES('B3B36790-2FCB-4944-BC64-76BAE2F6D56F', '4');
INSERT INTO ACCESS_PERMISSION_ACTION(ExtaPermission_ID, ACTIONS) VALUES('D904B413-0679-4DAE-9E06-41B178082017', '4');
INSERT INTO ACCESS_PERMISSION_ACTION(ExtaPermission_ID, ACTIONS) VALUES('F965E182-AD48-4B16-9FFC-77774505EE59', '4');
INSERT INTO ACCESS_PERMISSION_ACTION(ExtaPermission_ID, ACTIONS) VALUES('5F678EA1-855C-4ADA-A9CC-FFC5DB3504C1', '4');
INSERT INTO ACCESS_PERMISSION_ACTION(ExtaPermission_ID, ACTIONS) VALUES('7BDDE03B-3990-4366-89CC-C432BD4B1409', '4');
INSERT INTO ACCESS_PERMISSION_ACTION(ExtaPermission_ID, ACTIONS) VALUES('8F2C03F1-B1F3-48B9-A21D-0EBA896372C0', '4');
INSERT INTO ACCESS_PERMISSION_ACTION(ExtaPermission_ID, ACTIONS) VALUES('14BDAC93-900F-46BB-A7E5-6B108E5331BB', '4');
INSERT INTO ACCESS_PERMISSION_ACTION(ExtaPermission_ID, ACTIONS) VALUES('E234485B-8993-4FBC-A9CC-A9485A6EBD37', '2');
INSERT INTO ACCESS_PERMISSION_ACTION(ExtaPermission_ID, ACTIONS) VALUES('E234485B-8993-4FBC-A9CC-A9485A6EBD37', '1');
INSERT INTO ACCESS_PERMISSION_ACTION(ExtaPermission_ID, ACTIONS) VALUES('E234485B-8993-4FBC-A9CC-A9485A6EBD37', '0');
INSERT INTO ACCESS_PERMISSION_ACTION(ExtaPermission_ID, ACTIONS) VALUES('90A30AC2-54E0-4489-9413-1AF72F7EC089', '0');
INSERT INTO ACCESS_PERMISSION_ACTION(ExtaPermission_ID, ACTIONS) VALUES('0A2B4BB2-FB06-4FD0-8426-9B072C2E760E', '2');
INSERT INTO ACCESS_PERMISSION_ACTION(ExtaPermission_ID, ACTIONS) VALUES('0A2B4BB2-FB06-4FD0-8426-9B072C2E760E', '1');
INSERT INTO ACCESS_PERMISSION_ACTION(ExtaPermission_ID, ACTIONS) VALUES('0A2B4BB2-FB06-4FD0-8426-9B072C2E760E', '0');
INSERT INTO ACCESS_PERMISSION_ACTION(ExtaPermission_ID, ACTIONS) VALUES('8E1747B4-7C2E-48C4-8023-156F5264A3DA', '2');
INSERT INTO ACCESS_PERMISSION_ACTION(ExtaPermission_ID, ACTIONS) VALUES('8E1747B4-7C2E-48C4-8023-156F5264A3DA', '1');
INSERT INTO ACCESS_PERMISSION_ACTION(ExtaPermission_ID, ACTIONS) VALUES('8E1747B4-7C2E-48C4-8023-156F5264A3DA', '0');
INSERT INTO ACCESS_PERMISSION_ACTION(ExtaPermission_ID, ACTIONS) VALUES('8A8C5C05-2A25-440B-9655-9E1E7D7A3FEA', '0');
INSERT INTO ACCESS_PERMISSION_ACTION(ExtaPermission_ID, ACTIONS) VALUES('35ACC8CC-3C77-49FC-AAE8-BB5BA3947541', '2');
INSERT INTO ACCESS_PERMISSION_ACTION(ExtaPermission_ID, ACTIONS) VALUES('35ACC8CC-3C77-49FC-AAE8-BB5BA3947541', '1');
INSERT INTO ACCESS_PERMISSION_ACTION(ExtaPermission_ID, ACTIONS) VALUES('35ACC8CC-3C77-49FC-AAE8-BB5BA3947541', '0');
INSERT INTO ACCESS_PERMISSION_ACTION(ExtaPermission_ID, ACTIONS) VALUES('B608771F-1505-405E-89D6-F019459B6A96', '0');
INSERT INTO ACCESS_PERMISSION_ACTION(ExtaPermission_ID, ACTIONS) VALUES('29386332-8DCE-4B13-BDA0-6061415FB2AC', '0');
INSERT INTO ACCESS_PERMISSION_ACTION(ExtaPermission_ID, ACTIONS) VALUES('1202AE87-8CF8-4E1A-814F-F3C1ADAB7AB2', '0');
INSERT INTO ACCESS_PERMISSION_ACTION(ExtaPermission_ID, ACTIONS) VALUES('0BE928FB-AB37-468C-8608-7555F2B21097', '0');
INSERT INTO ACCESS_PERMISSION_ACTION(ExtaPermission_ID, ACTIONS) VALUES('1150E387-13BA-47B8-8FD2-10949C681350', '4');
INSERT INTO ACCESS_PERMISSION_ACTION(ExtaPermission_ID, ACTIONS) VALUES('B6AACCB9-9988-46C7-8912-E33BAACB99E7', '4');
INSERT INTO ACCESS_PERMISSION_ACTION(ExtaPermission_ID, ACTIONS) VALUES('8FC269BA-D22F-4C6F-9ED6-1F74E35768E6', '4');
INSERT INTO ACCESS_PERMISSION_ACTION(ExtaPermission_ID, ACTIONS) VALUES('5BCDA76E-D0E8-4BB9-99A7-C1EEAEF8B976', '4');
INSERT INTO ACCESS_PERMISSION_ACTION(ExtaPermission_ID, ACTIONS) VALUES('88D57BBE-AD21-487B-B41A-70B823377F90', '0');
INSERT INTO ACCESS_PERMISSION_ACTION(ExtaPermission_ID, ACTIONS) VALUES('B3B1F342-CD4C-4BE4-8176-B50262738486', '0');
INSERT INTO ACCESS_PERMISSION_ACTION(ExtaPermission_ID, ACTIONS) VALUES('84B5A462-9538-420B-AC03-0E30045DC1DC', '2');
INSERT INTO ACCESS_PERMISSION_ACTION(ExtaPermission_ID, ACTIONS) VALUES('84B5A462-9538-420B-AC03-0E30045DC1DC', '1');
INSERT INTO ACCESS_PERMISSION_ACTION(ExtaPermission_ID, ACTIONS) VALUES('84B5A462-9538-420B-AC03-0E30045DC1DC', '0');
INSERT INTO ACCESS_PERMISSION_ACTION(ExtaPermission_ID, ACTIONS) VALUES('DF5EF056-287D-47BB-9E16-AECA3D5FA5DE', '0');
INSERT INTO ACCESS_PERMISSION_ACTION(ExtaPermission_ID, ACTIONS) VALUES('2CC0F67B-0602-4A19-8DF9-7D37B6A11FD6', '1');
INSERT INTO ACCESS_PERMISSION_ACTION(ExtaPermission_ID, ACTIONS) VALUES('2CC0F67B-0602-4A19-8DF9-7D37B6A11FD6', '2');
INSERT INTO ACCESS_PERMISSION_ACTION(ExtaPermission_ID, ACTIONS) VALUES('2CC0F67B-0602-4A19-8DF9-7D37B6A11FD6', '0');
INSERT INTO ACCESS_PERMISSION_ACTION(ExtaPermission_ID, ACTIONS) VALUES('E44EEF93-4EBD-45BB-BE96-B42A10F5F94E', '0');
INSERT INTO ACCESS_PERMISSION_ACTION(ExtaPermission_ID, ACTIONS) VALUES('2C2FF2D7-6A4A-4656-97BE-73737A6A27B7', '4');
INSERT INTO ACCESS_PERMISSION_ACTION(ExtaPermission_ID, ACTIONS) VALUES('6A74E29E-8870-45D9-8071-C46068C0C1EA', '0');
INSERT INTO ACCESS_PERMISSION_ACTION(ExtaPermission_ID, ACTIONS) VALUES('9495E6FC-8C7A-47CD-A581-ADCD0F58125F', '4');
INSERT INTO ACCESS_PERMISSION_ACTION(ExtaPermission_ID, ACTIONS) VALUES('EB976986-B928-4531-BB87-A5289F01AEB5', '0');
INSERT INTO ACCESS_PERMISSION_ACTION(ExtaPermission_ID, ACTIONS) VALUES('69899924-4E11-4639-A4FD-9BB6B2E39039', '0');
INSERT INTO ACCESS_PERMISSION_ACTION(ExtaPermission_ID, ACTIONS) VALUES('B2FFA620-81F8-4A99-A66A-B1F2F0D26187', '4');
INSERT INTO ACCESS_PERMISSION_ACTION(ExtaPermission_ID, ACTIONS) VALUES('C8BA5B86-1038-4483-A09A-558059998DA2', '0');
INSERT INTO ACCESS_PERMISSION_ACTION(ExtaPermission_ID, ACTIONS) VALUES('8058BD13-19C9-4E25-BA93-99952A80360C', '0');
INSERT INTO ACCESS_PERMISSION_ACTION(ExtaPermission_ID, ACTIONS) VALUES('F6A26983-8034-420C-ADBB-E51A7188112E', '1');
INSERT INTO ACCESS_PERMISSION_ACTION(ExtaPermission_ID, ACTIONS) VALUES('F6A26983-8034-420C-ADBB-E51A7188112E', '2');
INSERT INTO ACCESS_PERMISSION_ACTION(ExtaPermission_ID, ACTIONS) VALUES('F6A26983-8034-420C-ADBB-E51A7188112E', '0');
INSERT INTO ACCESS_PERMISSION_ACTION(ExtaPermission_ID, ACTIONS) VALUES('7600A183-4AAF-4AFE-9980-9DA3BDA69A67', '4');
INSERT INTO ACCESS_PERMISSION_ACTION(ExtaPermission_ID, ACTIONS) VALUES('CF8F6991-9395-431B-9F8F-41026714DA8C', '1');
INSERT INTO ACCESS_PERMISSION_ACTION(ExtaPermission_ID, ACTIONS) VALUES('CF8F6991-9395-431B-9F8F-41026714DA8C', '2');
INSERT INTO ACCESS_PERMISSION_ACTION(ExtaPermission_ID, ACTIONS) VALUES('CF8F6991-9395-431B-9F8F-41026714DA8C', '0');
INSERT INTO ACCESS_PERMISSION_ACTION(ExtaPermission_ID, ACTIONS) VALUES('66C94C5F-EEDB-409A-80B8-978E219C956F', '0');
INSERT INTO ACCESS_PERMISSION_ACTION(ExtaPermission_ID, ACTIONS) VALUES('A72ACF60-52AC-4C9C-BC00-3D45B703A6B6', '1');
INSERT INTO ACCESS_PERMISSION_ACTION(ExtaPermission_ID, ACTIONS) VALUES('A72ACF60-52AC-4C9C-BC00-3D45B703A6B6', '2');
INSERT INTO ACCESS_PERMISSION_ACTION(ExtaPermission_ID, ACTIONS) VALUES('A72ACF60-52AC-4C9C-BC00-3D45B703A6B6', '0');
INSERT INTO ACCESS_PERMISSION_ACTION(ExtaPermission_ID, ACTIONS) VALUES('A2407C72-6A6E-496B-9620-3BCEED63DFF3', '1');
INSERT INTO ACCESS_PERMISSION_ACTION(ExtaPermission_ID, ACTIONS) VALUES('A2407C72-6A6E-496B-9620-3BCEED63DFF3', '2');
INSERT INTO ACCESS_PERMISSION_ACTION(ExtaPermission_ID, ACTIONS) VALUES('A2407C72-6A6E-496B-9620-3BCEED63DFF3', '0');
INSERT INTO ACCESS_PERMISSION_ACTION(ExtaPermission_ID, ACTIONS) VALUES('885828A7-CD73-419F-BEE2-0C99AA157E6C', '0');
INSERT INTO ACCESS_PERMISSION_ACTION(ExtaPermission_ID, ACTIONS) VALUES('9E9B69B6-8696-4A58-8A5B-5EFA905C3E98', '1');
INSERT INTO ACCESS_PERMISSION_ACTION(ExtaPermission_ID, ACTIONS) VALUES('9E9B69B6-8696-4A58-8A5B-5EFA905C3E98', '2');
INSERT INTO ACCESS_PERMISSION_ACTION(ExtaPermission_ID, ACTIONS) VALUES('9E9B69B6-8696-4A58-8A5B-5EFA905C3E98', '0');
INSERT INTO ACCESS_PERMISSION_ACTION(ExtaPermission_ID, ACTIONS) VALUES('2F2BFDEC-D2CC-4011-BEC6-96762E1D5759', '0');
INSERT INTO ACCESS_PERMISSION_ACTION(ExtaPermission_ID, ACTIONS) VALUES('A8774403-B56A-4741-8A97-DA62E8C9A0D4', '4');
INSERT INTO ACCESS_PERMISSION_ACTION(ExtaPermission_ID, ACTIONS) VALUES('8D4FFFE0-02A5-485A-BCA9-C305C17340DC', '0');
INSERT INTO ACCESS_PERMISSION_ACTION(ExtaPermission_ID, ACTIONS) VALUES('B86181CA-98C9-4E59-ACE7-5D0C5EF613BF', '0');
INSERT INTO ACCESS_PERMISSION_ACTION(ExtaPermission_ID, ACTIONS) VALUES('2AEE0EF7-E442-42A9-8F4F-6299E06F9A1E', '0');
INSERT INTO ACCESS_PERMISSION_ACTION(ExtaPermission_ID, ACTIONS) VALUES('981167F1-5733-46FB-B777-25ADDA04D7D4', '0');
INSERT INTO ACCESS_PERMISSION_ACTION(ExtaPermission_ID, ACTIONS) VALUES('4D13813A-469A-446E-ACA5-184762D4DCAA', '0');
INSERT INTO ACCESS_PERMISSION_ACTION(ExtaPermission_ID, ACTIONS) VALUES('49DD43C4-E26F-4A02-90B5-30549A5978FE', '0');
INSERT INTO ACCESS_PERMISSION_ACTION(ExtaPermission_ID, ACTIONS) VALUES('6FFD131C-56AD-463E-BF4A-D7A484AC0D33', '0');
INSERT INTO ACCESS_PERMISSION_ACTION(ExtaPermission_ID, ACTIONS) VALUES('6B6A576C-AE06-4A73-8ADC-95EC59AE55C9', '0');
INSERT INTO ACCESS_PERMISSION_ACTION(ExtaPermission_ID, ACTIONS) VALUES('12479C36-C85F-4856-8BA9-540F7779E842', '4');
INSERT INTO ACCESS_PERMISSION_ACTION(ExtaPermission_ID, ACTIONS) VALUES('C805DF21-7646-4C21-9115-325C0C3AA7E2', '0');
INSERT INTO ACCESS_PERMISSION_ACTION(ExtaPermission_ID, ACTIONS) VALUES('158C70FA-E0AA-4466-9335-F35AFA456FBA', '0');
INSERT INTO ACCESS_PERMISSION_ACTION(ExtaPermission_ID, ACTIONS) VALUES('E429F30C-A305-4589-A29E-E4913AE25AAF', '0');
INSERT INTO ACCESS_PERMISSION_ACTION(ExtaPermission_ID, ACTIONS) VALUES('A66B1C04-9F43-4055-91D0-2E0C0CC777AD', '0');
INSERT INTO ACCESS_PERMISSION_ACTION(ExtaPermission_ID, ACTIONS) VALUES('6E811026-83ED-4135-9B14-429F5553A080', '0');

# Приписка пользователей к группе "Сотрудники"
INSERT INTO USER_GROUP_LINK(GROUP_ID, USER_ID)
  SELECT 'E9CD0B2F-0872-4F86-AF2E-EC808032F622', ID FROM USER_PROFILE WHERE ROLE = 'user';

# Приписка пользователей к группе "Руководители"
INSERT INTO USER_GROUP_LINK(GROUP_ID, USER_ID)
  SELECT '26949D2E-6128-484D-8739-0DFA616804E0', ID FROM USER_PROFILE WHERE ROLE = 'manager';

# Приписка пользователей к группе "Дилеры"
INSERT INTO USER_GROUP_LINK(GROUP_ID, USER_ID)
  SELECT '86B5B6BE-5600-4E9B-A5AD-0305E32E06E4', ID FROM USER_PROFILE WHERE ROLE = 'dealer';

# Приписка пользователей к группе "Дилеры-Руководители"
INSERT INTO USER_GROUP_LINK(GROUP_ID, USER_ID)
  SELECT '124E4D0F-0E87-4893-8BF0-82AC04FFDD34', ID FROM USER_PROFILE WHERE ROLE = 'dealer-manager';

# Приписка пользователей к группе "Дистрибьюторы"
INSERT INTO USER_GROUP_LINK(GROUP_ID, USER_ID)
  SELECT '439B1DFB-7028-4249-82B0-5015F3886005', ID FROM USER_PROFILE WHERE ROLE = 'distributor';

# Оставляем в базе только роли "Пользователь" и "Администратор"
UPDATE USER_PROFILE SET ROLE = 'user' WHERE ROLE <> 'admin';

# Приводим в порядок
INSERT INTO INSURANCE_FILE
(ID,
 CREATED_AT,
 CREATED_BY,
 DESCRIPTION,
 FILEDATA,
 FILESIZE,
 MIMETYPE,
 MODIFIED_AT,
 MODIFIED_BY,
 NAME,
 VERSION,
 OWNER_ID)
  SELECT
    ID,
    CREATED_AT,
    CREATED_BY,
    DESCRIPTION,
    FILEDATA,
    FILESIZE,
    MIMETYPE,
    MODIFIED_AT,
    MODIFIED_BY,
    NAME,
    VERSION,
    OWNER_ID
  FROM FILE_CONTAINER;

DROP TABLE FILE_CONTAINER;